
insert into movies(m_code,m_name) values('1','기생충');
insert into movies(m_code,m_name) values('2','작은아씨들');
insert into movies(m_code,m_name) values('3','1917');
select * from movies;

select * from customer

insert into customer(ID, password, name) values('hong', '1234', '강길둥');
insert into customer(ID, password, name) values('hong', '1234', '김길동');
insert into customer(ID, password, name) values('hong', '1234', '이길동');
insert into customer(ID, password, name) values('hong', '1234', '나길동');
insert into customer(ID, password, name) values('hong', '1234', '유길동');
insert into customer(ID, password, name) values('hong', '1234', '최길동');
insert into customer(ID, password, name) values('hong', '1234', '송길동');
insert into customer(ID, password, name) values('hong', '1234', '암길동');
insert into customer(ID, password, name) values('hong', '1234', '내길동');
insert into customer(ID, password, name) values('hong', '1234', '고길동');
insert into customer(ID, password, name) values('hong', '1234', '유길동');
insert into customer(ID, password, name) values('hong', '1234', '한길동');
insert into customer(ID, password, name) values('hong', '1234', '서길동');
insert into customer(ID, password, name) values('hong', '1234', '기길동');
insert into customer(ID, password, name) values('hong', '1234', '지길동');
insert into customer(ID, password, name) values('hong', '1234', '일길동');
insert into customer(ID, password, name) values('hong', '1234', '남길동');
insert into customer(ID, password, name) values('hong', '1234', '나길동');
insert into customer(ID, password, name) values('hong', '1234', '송길동');


insert into theater(theater_code, theater_area,theater_name) values('1','서울','강남');
insert into theater(theater_code, theater_area,theater_name) values('2','서울','논현');
insert into theater(theater_code, theater_area,theater_name) values('3','서울','잠실');
insert into theater(theater_code, theater_area,theater_name) values('4','경기','일산');
insert into theater(theater_code, theater_area,theater_name) values('5','경기','파주');
insert into theater(theater_code, theater_area,theater_name) values('6','경기','안양');
insert into theater(theater_code, theater_area,theater_name) values('7','대전','동구');
insert into theater(theater_code, theater_area,theater_name) values('8','대전','서구');
insert into theater(theater_code, theater_area,theater_name) values('9','대전','중구');
insert into theater(theater_code, theater_area,theater_name) values('10','대전','북구');
select * from theater;
select distinct theater_area from theater;

INSERT INTO timetable(timetable_code, m_code, m_name, theater_name, theater_area,  start_time, screen_name, screen_code) VALUES ('21', '1', '기생충', '강남', '서울', to_date('202005101200','YYYYMMDDHH24MI'),'A관','A0');
INSERT INTO timetable(timetable_code, m_code, m_name, theater_name, theater_area,  start_time, screen_name, screen_code) VALUES ('22', '1', '기생충', '강남', '서울', to_date('202005101230','YYYYMMDDHH24MI'),'B관','B0');
INSERT INTO timetable(timetable_code, m_name, theater_name, theater_area,  start_time, screen_name, screen_code) VALUES ('23', '1917', '논현', '서울', to_date('202004101500','YYYYMMDDHH24MI'),'A관','A1');
INSERT INTO timetable(timetable_code, m_name, theater_name, theater_area,  start_time, screen_name, screen_code) VALUES ('24', '기생충', '잠실', '서울', to_date('202004101700','YYYYMMDDHH24MI'),'B관','B1');
INSERT INTO timetable(timetable_code, m_name, theater_name, theater_area,  start_time, screen_name, screen_code) VALUES ('25', '기생충', '일산', '경기', to_date('202004101200','YYYYMMDDHH24MI'),'A관','A2');
INSERT INTO timetable(timetable_code, m_name, theater_name, theater_area,  start_time, screen_name, screen_code) VALUES ('26', '작은아씨들', '파주', '경기', to_date('202004112000','YYYYMMDDHH24MI'),'A관','A3');
INSERT INTO timetable(timetable_code, m_name, theater_name, theater_area,  start_time, screen_name, screen_code) VALUES ('27', '1917', '서구', '대전', to_date('202004122130','YYYYMMDDHH24MI'),'A관','A4');
INSERT INTO timetable(timetable_code, m_name, theater_name, theater_area,  start_time, screen_name, screen_code) VALUES ('28', '기생충', '중구', '대전', to_date('202004132200','YYYYMMDDHH24MI'),'A관','A5');
INSERT INTO timetable(timetable_code, m_name, theater_name, theater_area,  start_time, screen_name, screen_code) VALUES ('29', '작은아씨들', '안양', '경기', to_date('202004132300','YYYYMMDDHH24MI'),'B관','B2');
INSERT INTO timetable(timetable_code, m_name, theater_name, theater_area,  start_time, screen_name, screen_code) VALUES ('30', '기생충', '파주', '경기', to_date('202004140930','YYYYMMDDHH24MI'),'B관','B3');
INSERT INTO timetable(timetable_code, m_name, theater_name, theater_area,  start_time, screen_name, screen_code) VALUES ('31', '1917', '서구', '대전', to_date('202004141300','YYYYMMDDHH24MI'),'B관','B4');
INSERT INTO timetable(timetable_code, m_name, theater_name, theater_area,  start_time, screen_name, screen_code) VALUES ('32', '기생충', '일산', '경기', to_date('202004141540','YYYYMMDDHH24MI'),'A관','A2');
INSERT INTO timetable(timetable_code, m_name, theater_name, theater_area,  start_time, screen_name, screen_code) VALUES ('33', '작은아씨들', '안양', '경기', to_date('202004151745','YYYYMMDDHH24MI'),'B관','B2');
INSERT INTO timetable(timetable_code, m_name, theater_name, theater_area,  start_time, screen_name, screen_code) VALUES ('34', '1917', '강남', '서울', to_date('202004152210','YYYYMMDDHH24MI'),'A관','A0');
INSERT INTO timetable(timetable_code, m_name, theater_name, theater_area,  start_time, screen_name, screen_code) VALUES ('35', '기생충', '동구', '대전', to_date('202004152240','YYYYMMDDHH24MI'),'A관','A6');
INSERT INTO timetable(timetable_code, m_name, theater_name, theater_area,  start_time, screen_name, screen_code) VALUES ('36', '작은아씨들', '논현', '서울', to_date('202004152340','YYYYMMDDHH24MI'),'B관','B5');
INSERT INTO timetable(timetable_code, m_name, theater_name, theater_area,  start_time, screen_name, screen_code) VALUES ('37', '기생충', '파주', '경기', to_date('202004152355','YYYYMMDDHH24MI'),'A관','A3');
INSERT INTO timetable(timetable_code, m_name, theater_name, theater_area,  start_time, screen_name, screen_code) VALUES ('18', '1917', '논현', '서울', to_date('202003161020','YYYYMMDDHH24MI'),'A관','A1');

INSERT INTO timetable(timetable_code, m_name, theater_name, theater_area,  start_time, screen_name, screen_code) VALUES ('99', '기생충', '강남', '서울', to_date('202004101200','YYYYMMDDHH24MI'),'A관','A0');
INSERT INTO timetable(timetable_code, m_name, theater_name, theater_area,  start_time, screen_name, screen_code) VALUES ('100', '기생충', '강남', '서울', to_date('202004101230','YYYYMMDDHH24MI'),'B관','B0');

INSERT INTO timetable(timetable_code, m_code, m_name, theater_name, theater_area,  start_time, screen_name, screen_code) VALUES ('101', '1', '기생충', '강남', '서울', to_date('202003191200','YYYYMMDDHH24MI'),'A관','A0');
INSERT INTO timetable(timetable_code, m_code, m_name, theater_name, theater_area,  start_time, screen_name, screen_code) VALUES ('102', '1', '기생충', '강남', '서울', to_date('202003201230','YYYYMMDDHH24MI'),'B관','B0');
INSERT INTO timetable(timetable_code, m_code, m_name, theater_name, theater_area,  start_time, screen_name, screen_code) VALUES ('103', '1', '기생충', '강남', '서울', to_date('202003211200','YYYYMMDDHH24MI'),'A관','A0');
INSERT INTO timetable(timetable_code, m_code, m_name, theater_name, theater_area,  start_time, screen_name, screen_code) VALUES ('104', '1', '기생충', '강남', '서울', to_date('202003221200','YYYYMMDDHH24MI'),'A관','A0');
INSERT INTO timetable(timetable_code, m_code, m_name, theater_name, theater_area,  start_time, screen_name, screen_code) VALUES ('105', '1', '기생충', '강남', '서울', to_date('202003231230','YYYYMMDDHH24MI'),'B관','B0');

select * from timetable;

INSERT INTO screen(screen_code, screen_name, theater_code, seats_total, screen_price) VALUES ('A0', 'A관', 'SG', 196, 10000);
INSERT INTO screen(screen_code, screen_name, theater_code, seats_total, screen_price) VALUES ('A1', 'A관', 'SN', 196, 10000);
INSERT INTO screen(screen_code, screen_name, theater_code, seats_total, screen_price) VALUES ('A2', 'A관', 'KI', 196, 10000);
INSERT INTO screen(screen_code, screen_name, theater_code, seats_total, screen_price) VALUES ('A3', 'A관', 'KP', 196, 10000);
INSERT INTO screen(screen_code, screen_name, theater_code, seats_total, screen_price) VALUES ('A4', 'A관', 'DS', 196, 10000);
INSERT INTO screen(screen_code, screen_name, theater_code, seats_total, screen_price) VALUES ('A5', 'A관', 'DJ', 196, 10000);
INSERT INTO screen(screen_code, screen_name, theater_code, seats_total, screen_price) VALUES ('A6', 'A관', 'DD', 196, 10000);
INSERT INTO screen(screen_code, screen_name, theater_code, seats_total, screen_price) VALUES ('B0', 'B관', 'SG', 164, 11000);
INSERT INTO screen(screen_code, screen_name, theater_code, seats_total, screen_price) VALUES ('B1', 'B관', 'SJ', 164, 11000);
INSERT INTO screen(screen_code, screen_name, theater_code, seats_total, screen_price) VALUES ('B2', 'B관', 'KA', 164, 11000);
INSERT INTO screen(screen_code, screen_name, theater_code, seats_total, screen_price) VALUES ('B3', 'B관', 'KP', 164, 11000);
INSERT INTO screen(screen_code, screen_name, theater_code, seats_total, screen_price) VALUES ('B4', 'B관', 'DS', 164, 11000);
INSERT INTO screen(screen_code, screen_name, theater_code, seats_total, screen_price) VALUES ('B5', 'B관', 'SN', 164, 11000);

INSERT INTO timetable(timetable_code, screen_code, m_name, theater_name, theater_area,  start_time, screen_name) VALUES ('99', 'A', '1917', '논현', '서울', to_date('202003301030','YYYYMMDDHH24MI'),'A관');

select * from screen order by screen_code;
select * from timetable;
select * from seat;

      
INSERT INTO seat(seat_code, timetable_code, isbooked) VALUES ('A1', '101', 0);
INSERT INTO seat(seat_code, timetable_code, isbooked) VALUES ('A2', '101', 0);
INSERT INTO seat(seat_code, timetable_code, isbooked) VALUES ('A3', '101', 0);
INSERT INTO seat(seat_code, timetable_code, isbooked) VALUES ('A4', '101', 0);
INSERT INTO seat(seat_code, timetable_code, isbooked) VALUES ('A5', '101', 0);
INSERT INTO seat(seat_code, timetable_code, isbooked) VALUES ('A6', '101', 0);
INSERT INTO seat(seat_code, timetable_code, isbooked) VALUES ('A7', '101', 0);
INSERT INTO seat(seat_code, timetable_code, isbooked) VALUES ('A8', '101', 0);
INSERT INTO seat(seat_code, timetable_code, isbooked) VALUES ('A9', '101', 0);
INSERT INTO seat(seat_code, timetable_code, isbooked) VALUES ('A10', '101', 0);
INSERT INTO seat(seat_code, timetable_code, isbooked) VALUES ('A11', '101', 0);
INSERT INTO seat(seat_code, timetable_code, isbooked) VALUES ('A12', '101', 0);
INSERT INTO seat(seat_code, timetable_code, isbooked) VALUES ('A13', '101', 0);
INSERT INTO seat(seat_code, timetable_code, isbooked) VALUES ('A14', '101', 0);
INSERT INTO seat(seat_code, timetable_code, isbooked) VALUES ('B1', '101', 0);
INSERT INTO seat(seat_code, timetable_code, isbooked) VALUES ('B2', '101', 0);
INSERT INTO seat(seat_code, timetable_code, isbooked) VALUES ('B3', '101', 0);
INSERT INTO seat(seat_code, timetable_code, isbooked) VALUES ('B4', '101', 0);
INSERT INTO seat(seat_code, timetable_code, isbooked) VALUES ('B5', '101', 0);
INSERT INTO seat(seat_code, timetable_code, isbooked) VALUES ('B6', '101', 0);
INSERT INTO seat(seat_code, timetable_code, isbooked) VALUES ('B7', '101', 0);
INSERT INTO seat(seat_code, timetable_code, isbooked) VALUES ('B8', '101', 0);
INSERT INTO seat(seat_code, timetable_code, isbooked) VALUES ('B9', '101', 0);
INSERT INTO seat(seat_code, timetable_code, isbooked) VALUES ('B10', '101', 0);
INSERT INTO seat(seat_code, timetable_code, isbooked) VALUES ('B11', '101', 0);
INSERT INTO seat(seat_code, timetable_code, isbooked) VALUES ('B12', '101', 0);
INSERT INTO seat(seat_code, timetable_code, isbooked) VALUES ('B13', '101', 0);
INSERT INTO seat(seat_code, timetable_code, isbooked) VALUES ('B14', '101', 0);
INSERT INTO seat(seat_code, timetable_code, isbooked) VALUES ('C1', '101', 0);
INSERT INTO seat(seat_code, timetable_code, isbooked) VALUES ('C2', '101', 0);
INSERT INTO seat(seat_code, timetable_code, isbooked) VALUES ('C3', '101', 0);
INSERT INTO seat(seat_code, timetable_code, isbooked) VALUES ('C4', '101', 0);
INSERT INTO seat(seat_code, timetable_code, isbooked) VALUES ('C5', '101', 0);
INSERT INTO seat(seat_code, timetable_code, isbooked) VALUES ('C6', '101', 0);
INSERT INTO seat(seat_code, timetable_code, isbooked) VALUES ('C7', '101', 0);
INSERT INTO seat(seat_code, timetable_code, isbooked) VALUES ('C8', '101', 0);
INSERT INTO seat(seat_code, timetable_code, isbooked) VALUES ('C9', '101', 0);
INSERT INTO seat(seat_code, timetable_code, isbooked) VALUES ('C10', '101', 0);
INSERT INTO seat(seat_code, timetable_code, isbooked) VALUES ('C11', '101', 0);
INSERT INTO seat(seat_code, timetable_code, isbooked) VALUES ('C12', '101', 0);
INSERT INTO seat(seat_code, timetable_code, isbooked) VALUES ('C13', '101', 0);
INSERT INTO seat(seat_code, timetable_code, isbooked) VALUES ('C14', '101', 0);
INSERT INTO seat(seat_code, timetable_code, isbooked) VALUES ('D1', '101', 0);
INSERT INTO seat(seat_code, timetable_code, isbooked) VALUES ('D2', '101', 0);
INSERT INTO seat(seat_code, timetable_code, isbooked) VALUES ('D3', '101', 0);
INSERT INTO seat(seat_code, timetable_code, isbooked) VALUES ('D4', '101', 0);
INSERT INTO seat(seat_code, timetable_code, isbooked) VALUES ('D5', '101', 0);
INSERT INTO seat(seat_code, timetable_code, isbooked) VALUES ('D6', '101', 0);
INSERT INTO seat(seat_code, timetable_code, isbooked) VALUES ('D7', '101', 0);
INSERT INTO seat(seat_code, timetable_code, isbooked) VALUES ('D8', '101', 0);
INSERT INTO seat(seat_code, timetable_code, isbooked) VALUES ('D9', '101', 0);
INSERT INTO seat(seat_code, timetable_code, isbooked) VALUES ('D10', '101', 0);
INSERT INTO seat(seat_code, timetable_code, isbooked) VALUES ('D11', '101', 0);
INSERT INTO seat(seat_code, timetable_code, isbooked) VALUES ('D12', '101', 0);
INSERT INTO seat(seat_code, timetable_code, isbooked) VALUES ('D13', '101', 0);
INSERT INTO seat(seat_code, timetable_code, isbooked) VALUES ('D14', '101', 0);
INSERT INTO seat(seat_code, timetable_code, isbooked) VALUES ('E1', '101', 0);
INSERT INTO seat(seat_code, timetable_code, isbooked) VALUES ('E2', '101', 0);
INSERT INTO seat(seat_code, timetable_code, isbooked) VALUES ('E3', '101', 0);
INSERT INTO seat(seat_code, timetable_code, isbooked) VALUES ('E4', '101', 0);
INSERT INTO seat(seat_code, timetable_code, isbooked) VALUES ('E5', '101', 0);
INSERT INTO seat(seat_code, timetable_code, isbooked) VALUES ('E6', '101', 0);
INSERT INTO seat(seat_code, timetable_code, isbooked) VALUES ('E7', '101', 0);
INSERT INTO seat(seat_code, timetable_code, isbooked) VALUES ('E8', '101', 0);
INSERT INTO seat(seat_code, timetable_code, isbooked) VALUES ('E9', '101', 0);
INSERT INTO seat(seat_code, timetable_code, isbooked) VALUES ('E10', '101', 0);
INSERT INTO seat(seat_code, timetable_code, isbooked) VALUES ('E11', '101', 0);
INSERT INTO seat(seat_code, timetable_code, isbooked) VALUES ('E12', '101', 0);
INSERT INTO seat(seat_code, timetable_code, isbooked) VALUES ('E13', '101', 0);
INSERT INTO seat(seat_code, timetable_code, isbooked) VALUES ('E14', '101', 0);
INSERT INTO seat(seat_code, timetable_code, isbooked) VALUES ('F1', '101', 0);
INSERT INTO seat(seat_code, timetable_code, isbooked) VALUES ('F2', '101', 0);
INSERT INTO seat(seat_code, timetable_code, isbooked) VALUES ('F3', '101', 0);
INSERT INTO seat(seat_code, timetable_code, isbooked) VALUES ('F4', '101', 0);
INSERT INTO seat(seat_code, timetable_code, isbooked) VALUES ('F5', '101', 0);
INSERT INTO seat(seat_code, timetable_code, isbooked) VALUES ('F6', '101', 0);
INSERT INTO seat(seat_code, timetable_code, isbooked) VALUES ('F7', '101', 0);
INSERT INTO seat(seat_code, timetable_code, isbooked) VALUES ('F8', '101', 0);
INSERT INTO seat(seat_code, timetable_code, isbooked) VALUES ('F9', '101', 0);
INSERT INTO seat(seat_code, timetable_code, isbooked) VALUES ('F10', '101', 0);
INSERT INTO seat(seat_code, timetable_code, isbooked) VALUES ('F11', '101', 0);
INSERT INTO seat(seat_code, timetable_code, isbooked) VALUES ('F12', '101', 0);
INSERT INTO seat(seat_code, timetable_code, isbooked) VALUES ('F13', '101', 0);
INSERT INTO seat(seat_code, timetable_code, isbooked) VALUES ('F14', '101', 0);
INSERT INTO seat(seat_code, timetable_code, isbooked) VALUES ('G1', '101', 0);
INSERT INTO seat(seat_code, timetable_code, isbooked) VALUES ('G2', '101', 0);
INSERT INTO seat(seat_code, timetable_code, isbooked) VALUES ('G3', '101', 0);
INSERT INTO seat(seat_code, timetable_code, isbooked) VALUES ('G4', '101', 0);
INSERT INTO seat(seat_code, timetable_code, isbooked) VALUES ('G5', '101', 0);
INSERT INTO seat(seat_code, timetable_code, isbooked) VALUES ('G6', '101', 0);
INSERT INTO seat(seat_code, timetable_code, isbooked) VALUES ('G7', '101', 0);
INSERT INTO seat(seat_code, timetable_code, isbooked) VALUES ('G8', '101', 0);
INSERT INTO seat(seat_code, timetable_code, isbooked) VALUES ('G9', '101', 0);
INSERT INTO seat(seat_code, timetable_code, isbooked) VALUES ('G10', '101', 0);
INSERT INTO seat(seat_code, timetable_code, isbooked) VALUES ('G11', '101', 0);
INSERT INTO seat(seat_code, timetable_code, isbooked) VALUES ('G12', '101', 0);
INSERT INTO seat(seat_code, timetable_code, isbooked) VALUES ('G13', '101', 0);
INSERT INTO seat(seat_code, timetable_code, isbooked) VALUES ('G14', '101', 0);
INSERT INTO seat(seat_code, timetable_code, isbooked) VALUES ('H1', '101', 0);
INSERT INTO seat(seat_code, timetable_code, isbooked) VALUES ('H2', '101', 0);
INSERT INTO seat(seat_code, timetable_code, isbooked) VALUES ('H3', '101', 0);
INSERT INTO seat(seat_code, timetable_code, isbooked) VALUES ('H4', '101', 0);
INSERT INTO seat(seat_code, timetable_code, isbooked) VALUES ('H5', '101', 0);
INSERT INTO seat(seat_code, timetable_code, isbooked) VALUES ('H6', '101', 0);
INSERT INTO seat(seat_code, timetable_code, isbooked) VALUES ('H7', '101', 0);
INSERT INTO seat(seat_code, timetable_code, isbooked) VALUES ('H8', '101', 0);
INSERT INTO seat(seat_code, timetable_code, isbooked) VALUES ('H9', '101', 0);
INSERT INTO seat(seat_code, timetable_code, isbooked) VALUES ('H10', '101', 0);
INSERT INTO seat(seat_code, timetable_code, isbooked) VALUES ('H11', '101', 0);
INSERT INTO seat(seat_code, timetable_code, isbooked) VALUES ('H12', '101', 0);
INSERT INTO seat(seat_code, timetable_code, isbooked) VALUES ('H13', '101', 0);
INSERT INTO seat(seat_code, timetable_code, isbooked) VALUES ('H14', '101', 0);
INSERT INTO seat(seat_code, timetable_code, isbooked) VALUES ('I1', '101', 0);
INSERT INTO seat(seat_code, timetable_code, isbooked) VALUES ('I2', '101', 0);
INSERT INTO seat(seat_code, timetable_code, isbooked) VALUES ('I3', '101', 0);
INSERT INTO seat(seat_code, timetable_code, isbooked) VALUES ('I4', '101', 0);
INSERT INTO seat(seat_code, timetable_code, isbooked) VALUES ('I5', '101', 0);
INSERT INTO seat(seat_code, timetable_code, isbooked) VALUES ('I6', '101', 0);
INSERT INTO seat(seat_code, timetable_code, isbooked) VALUES ('I7', '101', 0);
INSERT INTO seat(seat_code, timetable_code, isbooked) VALUES ('I8', '101', 0);
INSERT INTO seat(seat_code, timetable_code, isbooked) VALUES ('I9', '101', 0);
INSERT INTO seat(seat_code, timetable_code, isbooked) VALUES ('I10', '101', 0);
INSERT INTO seat(seat_code, timetable_code, isbooked) VALUES ('I11', '101', 0);
INSERT INTO seat(seat_code, timetable_code, isbooked) VALUES ('I12', '101', 0);
INSERT INTO seat(seat_code, timetable_code, isbooked) VALUES ('I13', '101', 0);
INSERT INTO seat(seat_code, timetable_code, isbooked) VALUES ('I14', '101', 0);
INSERT INTO seat(seat_code, timetable_code, isbooked) VALUES ('J1', '101', 0);
INSERT INTO seat(seat_code, timetable_code, isbooked) VALUES ('J2', '101', 0);
INSERT INTO seat(seat_code, timetable_code, isbooked) VALUES ('J3', '101', 0);
INSERT INTO seat(seat_code, timetable_code, isbooked) VALUES ('J4', '101', 0);
INSERT INTO seat(seat_code, timetable_code, isbooked) VALUES ('J5', '101', 0);
INSERT INTO seat(seat_code, timetable_code, isbooked) VALUES ('J6', '101', 0);
INSERT INTO seat(seat_code, timetable_code, isbooked) VALUES ('J7', '101', 0);
INSERT INTO seat(seat_code, timetable_code, isbooked) VALUES ('J8', '101', 0);
INSERT INTO seat(seat_code, timetable_code, isbooked) VALUES ('J9', '101', 0);
INSERT INTO seat(seat_code, timetable_code, isbooked) VALUES ('J10', '101', 0);
INSERT INTO seat(seat_code, timetable_code, isbooked) VALUES ('J11', '101', 0);
INSERT INTO seat(seat_code, timetable_code, isbooked) VALUES ('J12', '101', 0);
INSERT INTO seat(seat_code, timetable_code, isbooked) VALUES ('J13', '101', 0);
INSERT INTO seat(seat_code, timetable_code, isbooked) VALUES ('J14', '101', 0);
INSERT INTO seat(seat_code, timetable_code, isbooked) VALUES ('K1', '101', 0);
INSERT INTO seat(seat_code, timetable_code, isbooked) VALUES ('K2', '101', 0);
INSERT INTO seat(seat_code, timetable_code, isbooked) VALUES ('K3', '101', 0);
INSERT INTO seat(seat_code, timetable_code, isbooked) VALUES ('K4', '101', 0);
INSERT INTO seat(seat_code, timetable_code, isbooked) VALUES ('K5', '101', 0);
INSERT INTO seat(seat_code, timetable_code, isbooked) VALUES ('K6', '101', 0);
INSERT INTO seat(seat_code, timetable_code, isbooked) VALUES ('K7', '101', 0);
INSERT INTO seat(seat_code, timetable_code, isbooked) VALUES ('K8', '101', 0);
INSERT INTO seat(seat_code, timetable_code, isbooked) VALUES ('K9', '101', 0);
INSERT INTO seat(seat_code, timetable_code, isbooked) VALUES ('K10', '101', 0);
INSERT INTO seat(seat_code, timetable_code, isbooked) VALUES ('K11', '101', 0);
INSERT INTO seat(seat_code, timetable_code, isbooked) VALUES ('K12', '101', 0);
INSERT INTO seat(seat_code, timetable_code, isbooked) VALUES ('K13', '101', 0);
INSERT INTO seat(seat_code, timetable_code, isbooked) VALUES ('K14', '101', 0);
INSERT INTO seat(seat_code, timetable_code, isbooked) VALUES ('L1', '101', 0);
INSERT INTO seat(seat_code, timetable_code, isbooked) VALUES ('L2', '101', 0);
INSERT INTO seat(seat_code, timetable_code, isbooked) VALUES ('L3', '101', 0);
INSERT INTO seat(seat_code, timetable_code, isbooked) VALUES ('L4', '101', 0);
INSERT INTO seat(seat_code, timetable_code, isbooked) VALUES ('L5', '101', 0);
INSERT INTO seat(seat_code, timetable_code, isbooked) VALUES ('L6', '101', 0);
INSERT INTO seat(seat_code, timetable_code, isbooked) VALUES ('L7', '101', 0);
INSERT INTO seat(seat_code, timetable_code, isbooked) VALUES ('L8', '101', 0);
INSERT INTO seat(seat_code, timetable_code, isbooked) VALUES ('L9', '101', 0);
INSERT INTO seat(seat_code, timetable_code, isbooked) VALUES ('L10', '101', 0);
INSERT INTO seat(seat_code, timetable_code, isbooked) VALUES ('L11', '101', 0);
INSERT INTO seat(seat_code, timetable_code, isbooked) VALUES ('L12', '101', 0);
INSERT INTO seat(seat_code, timetable_code, isbooked) VALUES ('L13', '101', 0);
INSERT INTO seat(seat_code, timetable_code, isbooked) VALUES ('L14', '101', 0);
INSERT INTO seat(seat_code, timetable_code, isbooked) VALUES ('M1', '101', 0);
INSERT INTO seat(seat_code, timetable_code, isbooked) VALUES ('M2', '101', 0);
INSERT INTO seat(seat_code, timetable_code, isbooked) VALUES ('M3', '101', 0);
INSERT INTO seat(seat_code, timetable_code, isbooked) VALUES ('M4', '101', 0);
INSERT INTO seat(seat_code, timetable_code, isbooked) VALUES ('M5', '101', 0);
INSERT INTO seat(seat_code, timetable_code, isbooked) VALUES ('M6', '101', 0);
INSERT INTO seat(seat_code, timetable_code, isbooked) VALUES ('M7', '101', 0);
INSERT INTO seat(seat_code, timetable_code, isbooked) VALUES ('M8', '101', 0);
INSERT INTO seat(seat_code, timetable_code, isbooked) VALUES ('M9', '101', 0);
INSERT INTO seat(seat_code, timetable_code, isbooked) VALUES ('M10', '101', 0);
INSERT INTO seat(seat_code, timetable_code, isbooked) VALUES ('M11', '101', 0);
INSERT INTO seat(seat_code, timetable_code, isbooked) VALUES ('M12', '101', 0);
INSERT INTO seat(seat_code, timetable_code, isbooked) VALUES ('M13', '101', 0);
INSERT INTO seat(seat_code, timetable_code, isbooked) VALUES ('M14', '101', 0);
INSERT INTO seat(seat_code, timetable_code, isbooked) VALUES ('N1', '101', 0);
INSERT INTO seat(seat_code, timetable_code, isbooked) VALUES ('N2', '101', 0);
INSERT INTO seat(seat_code, timetable_code, isbooked) VALUES ('N3', '101', 0);
INSERT INTO seat(seat_code, timetable_code, isbooked) VALUES ('N4', '101', 0);
INSERT INTO seat(seat_code, timetable_code, isbooked) VALUES ('N5', '101', 0);
INSERT INTO seat(seat_code, timetable_code, isbooked) VALUES ('N6', '101', 0);
INSERT INTO seat(seat_code, timetable_code, isbooked) VALUES ('N7', '101', 0);
INSERT INTO seat(seat_code, timetable_code, isbooked) VALUES ('N8', '101', 0);
INSERT INTO seat(seat_code, timetable_code, isbooked) VALUES ('N9', '101', 0);
INSERT INTO seat(seat_code, timetable_code, isbooked) VALUES ('N10', '101', 0);
INSERT INTO seat(seat_code, timetable_code, isbooked) VALUES ('N11', '101', 0);
INSERT INTO seat(seat_code, timetable_code, isbooked) VALUES ('N12', '101', 0);
INSERT INTO seat(seat_code, timetable_code, isbooked) VALUES ('N13', '101', 0);
INSERT INTO seat(seat_code, timetable_code, isbooked) VALUES ('N14', '101', 0);


INSERT INTO seat(seat_code, timetable_code, isbooked) VALUES ('A6', '102', 0);
INSERT INTO seat(seat_code, timetable_code, isbooked) VALUES ('A7', '102', 0);
INSERT INTO seat(seat_code, timetable_code, isbooked) VALUES ('A8', '102', 0);
INSERT INTO seat(seat_code, timetable_code, isbooked) VALUES ('A9', '102', 0);
INSERT INTO seat(seat_code, timetable_code, isbooked) VALUES ('A10', '102', 0);
INSERT INTO seat(seat_code, timetable_code, isbooked) VALUES ('A11', '102', 0);
INSERT INTO seat(seat_code, timetable_code, isbooked) VALUES ('A12', '102', 0);
INSERT INTO seat(seat_code, timetable_code, isbooked) VALUES ('B6', '102', 0);
INSERT INTO seat(seat_code, timetable_code, isbooked) VALUES ('B7', '102', 0);
INSERT INTO seat(seat_code, timetable_code, isbooked) VALUES ('B8', '102', 0);
INSERT INTO seat(seat_code, timetable_code, isbooked) VALUES ('B9', '102', 0);
INSERT INTO seat(seat_code, timetable_code, isbooked) VALUES ('B10', '102', 0);
INSERT INTO seat(seat_code, timetable_code, isbooked) VALUES ('B11', '102', 0);
INSERT INTO seat(seat_code, timetable_code, isbooked) VALUES ('B12', '102', 0);
INSERT INTO seat(seat_code, timetable_code, isbooked) VALUES ('C1', '102', 0);
INSERT INTO seat(seat_code, timetable_code, isbooked) VALUES ('C2', '102', 0);
INSERT INTO seat(seat_code, timetable_code, isbooked) VALUES ('C6', '102', 0);
INSERT INTO seat(seat_code, timetable_code, isbooked) VALUES ('C7', '102', 0);
INSERT INTO seat(seat_code, timetable_code, isbooked) VALUES ('C8', '102', 0);
INSERT INTO seat(seat_code, timetable_code, isbooked) VALUES ('C9', '102', 0);
INSERT INTO seat(seat_code, timetable_code, isbooked) VALUES ('C10', '102', 0);
INSERT INTO seat(seat_code, timetable_code, isbooked) VALUES ('C11', '102', 0);
INSERT INTO seat(seat_code, timetable_code, isbooked) VALUES ('C12', '102', 0);
INSERT INTO seat(seat_code, timetable_code, isbooked) VALUES ('C13', '102', 0);
INSERT INTO seat(seat_code, timetable_code, isbooked) VALUES ('C14', '102', 0);
INSERT INTO seat(seat_code, timetable_code, isbooked) VALUES ('D1', '102', 0);
INSERT INTO seat(seat_code, timetable_code, isbooked) VALUES ('D2', '102', 0);
INSERT INTO seat(seat_code, timetable_code, isbooked) VALUES ('D6', '102', 0);
INSERT INTO seat(seat_code, timetable_code, isbooked) VALUES ('D7', '102', 0);
INSERT INTO seat(seat_code, timetable_code, isbooked) VALUES ('D8', '102', 0);
INSERT INTO seat(seat_code, timetable_code, isbooked) VALUES ('D9', '102', 0);
INSERT INTO seat(seat_code, timetable_code, isbooked) VALUES ('D10', '102', 0);
INSERT INTO seat(seat_code, timetable_code, isbooked) VALUES ('D11', '102', 0);
INSERT INTO seat(seat_code, timetable_code, isbooked) VALUES ('D12', '102', 0);
INSERT INTO seat(seat_code, timetable_code, isbooked) VALUES ('D13', '102', 0);
INSERT INTO seat(seat_code, timetable_code, isbooked) VALUES ('D14', '102', 0);
INSERT INTO seat(seat_code, timetable_code, isbooked) VALUES ('E1', '102', 0);
INSERT INTO seat(seat_code, timetable_code, isbooked) VALUES ('E2', '102', 0);
INSERT INTO seat(seat_code, timetable_code, isbooked) VALUES ('E3', '102', 0);
INSERT INTO seat(seat_code, timetable_code, isbooked) VALUES ('E4', '102', 0);
INSERT INTO seat(seat_code, timetable_code, isbooked) VALUES ('E5', '102', 0);
INSERT INTO seat(seat_code, timetable_code, isbooked) VALUES ('E6', '102', 0);
INSERT INTO seat(seat_code, timetable_code, isbooked) VALUES ('E7', '102', 0);
INSERT INTO seat(seat_code, timetable_code, isbooked) VALUES ('E8', '102', 0);
INSERT INTO seat(seat_code, timetable_code, isbooked) VALUES ('E9', '102', 0);
INSERT INTO seat(seat_code, timetable_code, isbooked) VALUES ('E10', '102', 0);
INSERT INTO seat(seat_code, timetable_code, isbooked) VALUES ('E11', '102', 0);
INSERT INTO seat(seat_code, timetable_code, isbooked) VALUES ('E12', '102', 0);
INSERT INTO seat(seat_code, timetable_code, isbooked) VALUES ('E13', '102', 0);
INSERT INTO seat(seat_code, timetable_code, isbooked) VALUES ('E14', '102', 0);
INSERT INTO seat(seat_code, timetable_code, isbooked) VALUES ('F1', '102', 0);
INSERT INTO seat(seat_code, timetable_code, isbooked) VALUES ('F2', '102', 0);
INSERT INTO seat(seat_code, timetable_code, isbooked) VALUES ('F3', '102', 0);
INSERT INTO seat(seat_code, timetable_code, isbooked) VALUES ('F4', '102', 0);
INSERT INTO seat(seat_code, timetable_code, isbooked) VALUES ('F5', '102', 0);
INSERT INTO seat(seat_code, timetable_code, isbooked) VALUES ('F6', '102', 0);
INSERT INTO seat(seat_code, timetable_code, isbooked) VALUES ('F7', '102', 0);
INSERT INTO seat(seat_code, timetable_code, isbooked) VALUES ('F8', '102', 0);
INSERT INTO seat(seat_code, timetable_code, isbooked) VALUES ('F9', '102', 0);
INSERT INTO seat(seat_code, timetable_code, isbooked) VALUES ('F10', '102', 0);
INSERT INTO seat(seat_code, timetable_code, isbooked) VALUES ('F11', '102', 0);
INSERT INTO seat(seat_code, timetable_code, isbooked) VALUES ('F12', '102', 0);
INSERT INTO seat(seat_code, timetable_code, isbooked) VALUES ('F13', '102', 0);
INSERT INTO seat(seat_code, timetable_code, isbooked) VALUES ('F14', '102', 0);
INSERT INTO seat(seat_code, timetable_code, isbooked) VALUES ('G1', '102', 0);
INSERT INTO seat(seat_code, timetable_code, isbooked) VALUES ('G2', '102', 0);
INSERT INTO seat(seat_code, timetable_code, isbooked) VALUES ('G3', '102', 0);
INSERT INTO seat(seat_code, timetable_code, isbooked) VALUES ('G4', '102', 0);
INSERT INTO seat(seat_code, timetable_code, isbooked) VALUES ('G5', '102', 0);
INSERT INTO seat(seat_code, timetable_code, isbooked) VALUES ('G6', '102', 0);
INSERT INTO seat(seat_code, timetable_code, isbooked) VALUES ('G7', '102', 0);
INSERT INTO seat(seat_code, timetable_code, isbooked) VALUES ('G8', '102', 0);
INSERT INTO seat(seat_code, timetable_code, isbooked) VALUES ('G9', '102', 0);
INSERT INTO seat(seat_code, timetable_code, isbooked) VALUES ('G10', '102', 0);
INSERT INTO seat(seat_code, timetable_code, isbooked) VALUES ('G11', '102', 0);
INSERT INTO seat(seat_code, timetable_code, isbooked) VALUES ('G12', '102', 0);
INSERT INTO seat(seat_code, timetable_code, isbooked) VALUES ('G13', '102', 0);
INSERT INTO seat(seat_code, timetable_code, isbooked) VALUES ('G14', '102', 0);
INSERT INTO seat(seat_code, timetable_code, isbooked) VALUES ('H1', '102', 0);
INSERT INTO seat(seat_code, timetable_code, isbooked) VALUES ('H2', '102', 0);
INSERT INTO seat(seat_code, timetable_code, isbooked) VALUES ('H3', '102', 0);
INSERT INTO seat(seat_code, timetable_code, isbooked) VALUES ('H4', '102', 0);
INSERT INTO seat(seat_code, timetable_code, isbooked) VALUES ('H5', '102', 0);
INSERT INTO seat(seat_code, timetable_code, isbooked) VALUES ('H6', '102', 0);
INSERT INTO seat(seat_code, timetable_code, isbooked) VALUES ('H7', '102', 0);
INSERT INTO seat(seat_code, timetable_code, isbooked) VALUES ('H8', '102', 0);
INSERT INTO seat(seat_code, timetable_code, isbooked) VALUES ('H9', '102', 0);
INSERT INTO seat(seat_code, timetable_code, isbooked) VALUES ('H10', '102', 0);
INSERT INTO seat(seat_code, timetable_code, isbooked) VALUES ('H11', '102', 0);
INSERT INTO seat(seat_code, timetable_code, isbooked) VALUES ('H12', '102', 0);
INSERT INTO seat(seat_code, timetable_code, isbooked) VALUES ('H13', '102', 0);
INSERT INTO seat(seat_code, timetable_code, isbooked) VALUES ('H14', '102', 0);
INSERT INTO seat(seat_code, timetable_code, isbooked) VALUES ('I3', '102', 0);
INSERT INTO seat(seat_code, timetable_code, isbooked) VALUES ('I4', '102', 0);
INSERT INTO seat(seat_code, timetable_code, isbooked) VALUES ('I5', '102', 0);
INSERT INTO seat(seat_code, timetable_code, isbooked) VALUES ('I6', '102', 0);
INSERT INTO seat(seat_code, timetable_code, isbooked) VALUES ('I7', '102', 0);
INSERT INTO seat(seat_code, timetable_code, isbooked) VALUES ('I8', '102', 0);
INSERT INTO seat(seat_code, timetable_code, isbooked) VALUES ('I9', '102', 0);
INSERT INTO seat(seat_code, timetable_code, isbooked) VALUES ('I10', '102', 0);
INSERT INTO seat(seat_code, timetable_code, isbooked) VALUES ('I11', '102', 0);
INSERT INTO seat(seat_code, timetable_code, isbooked) VALUES ('I12', '102', 0);
INSERT INTO seat(seat_code, timetable_code, isbooked) VALUES ('I13', '102', 0);
INSERT INTO seat(seat_code, timetable_code, isbooked) VALUES ('I14', '102', 0);
INSERT INTO seat(seat_code, timetable_code, isbooked) VALUES ('J3', '102', 0);
INSERT INTO seat(seat_code, timetable_code, isbooked) VALUES ('J4', '102', 0);
INSERT INTO seat(seat_code, timetable_code, isbooked) VALUES ('J5', '102', 0);
INSERT INTO seat(seat_code, timetable_code, isbooked) VALUES ('J6', '102', 0);
INSERT INTO seat(seat_code, timetable_code, isbooked) VALUES ('J7', '102', 0);
INSERT INTO seat(seat_code, timetable_code, isbooked) VALUES ('J8', '102', 0);
INSERT INTO seat(seat_code, timetable_code, isbooked) VALUES ('J9', '102', 0);
INSERT INTO seat(seat_code, timetable_code, isbooked) VALUES ('J10', '102', 0);
INSERT INTO seat(seat_code, timetable_code, isbooked) VALUES ('J11', '102', 0);
INSERT INTO seat(seat_code, timetable_code, isbooked) VALUES ('J12', '102', 0);
INSERT INTO seat(seat_code, timetable_code, isbooked) VALUES ('J13', '102', 0);
INSERT INTO seat(seat_code, timetable_code, isbooked) VALUES ('J14', '102', 0);
INSERT INTO seat(seat_code, timetable_code, isbooked) VALUES ('K3', '102', 0);
INSERT INTO seat(seat_code, timetable_code, isbooked) VALUES ('K4', '102', 0);
INSERT INTO seat(seat_code, timetable_code, isbooked) VALUES ('K5', '102', 0);
INSERT INTO seat(seat_code, timetable_code, isbooked) VALUES ('K6', '102', 0);
INSERT INTO seat(seat_code, timetable_code, isbooked) VALUES ('K7', '102', 0);
INSERT INTO seat(seat_code, timetable_code, isbooked) VALUES ('K8', '102', 0);
INSERT INTO seat(seat_code, timetable_code, isbooked) VALUES ('K9', '102', 0);
INSERT INTO seat(seat_code, timetable_code, isbooked) VALUES ('K10', '102', 0);
INSERT INTO seat(seat_code, timetable_code, isbooked) VALUES ('K11', '102', 0);
INSERT INTO seat(seat_code, timetable_code, isbooked) VALUES ('K12', '102', 0);
INSERT INTO seat(seat_code, timetable_code, isbooked) VALUES ('K13', '102', 0);
INSERT INTO seat(seat_code, timetable_code, isbooked) VALUES ('K14', '102', 0);
INSERT INTO seat(seat_code, timetable_code, isbooked) VALUES ('L3', '102', 0);
INSERT INTO seat(seat_code, timetable_code, isbooked) VALUES ('L4', '102', 0);
INSERT INTO seat(seat_code, timetable_code, isbooked) VALUES ('L5', '102', 0);
INSERT INTO seat(seat_code, timetable_code, isbooked) VALUES ('L6', '102', 0);
INSERT INTO seat(seat_code, timetable_code, isbooked) VALUES ('L7', '102', 0);
INSERT INTO seat(seat_code, timetable_code, isbooked) VALUES ('L8', '102', 0);
INSERT INTO seat(seat_code, timetable_code, isbooked) VALUES ('L9', '102', 0);
INSERT INTO seat(seat_code, timetable_code, isbooked) VALUES ('L10', '102', 0);
INSERT INTO seat(seat_code, timetable_code, isbooked) VALUES ('L11', '102', 0);
INSERT INTO seat(seat_code, timetable_code, isbooked) VALUES ('L12', '102', 0);
INSERT INTO seat(seat_code, timetable_code, isbooked) VALUES ('L13', '102', 0);
INSERT INTO seat(seat_code, timetable_code, isbooked) VALUES ('L14', '102', 0);
INSERT INTO seat(seat_code, timetable_code, isbooked) VALUES ('M3', '102', 0);
INSERT INTO seat(seat_code, timetable_code, isbooked) VALUES ('M4', '102', 0);
INSERT INTO seat(seat_code, timetable_code, isbooked) VALUES ('M5', '102', 0);
INSERT INTO seat(seat_code, timetable_code, isbooked) VALUES ('M6', '102', 0);
INSERT INTO seat(seat_code, timetable_code, isbooked) VALUES ('M7', '102', 0);
INSERT INTO seat(seat_code, timetable_code, isbooked) VALUES ('M8', '102', 0);
INSERT INTO seat(seat_code, timetable_code, isbooked) VALUES ('M9', '102', 0);
INSERT INTO seat(seat_code, timetable_code, isbooked) VALUES ('M10', '102', 0);
INSERT INTO seat(seat_code, timetable_code, isbooked) VALUES ('M11', '102', 0);
INSERT INTO seat(seat_code, timetable_code, isbooked) VALUES ('M12', '102', 0);
INSERT INTO seat(seat_code, timetable_code, isbooked) VALUES ('M13', '102', 0);
INSERT INTO seat(seat_code, timetable_code, isbooked) VALUES ('M14', '102', 0);
INSERT INTO seat(seat_code, timetable_code, isbooked) VALUES ('N3', '102', 0);
INSERT INTO seat(seat_code, timetable_code, isbooked) VALUES ('N4', '102', 0);
INSERT INTO seat(seat_code, timetable_code, isbooked) VALUES ('N5', '102', 0);
INSERT INTO seat(seat_code, timetable_code, isbooked) VALUES ('N6', '102', 0);
INSERT INTO seat(seat_code, timetable_code, isbooked) VALUES ('N7', '102', 0);
INSERT INTO seat(seat_code, timetable_code, isbooked) VALUES ('N8', '102', 0);
INSERT INTO seat(seat_code, timetable_code, isbooked) VALUES ('N9', '102', 0);
INSERT INTO seat(seat_code, timetable_code, isbooked) VALUES ('N10', '102', 0);
INSERT INTO seat(seat_code, timetable_code, isbooked) VALUES ('N11', '102', 0);
INSERT INTO seat(seat_code, timetable_code, isbooked) VALUES ('N12', '102', 0);
INSERT INTO seat(seat_code, timetable_code, isbooked) VALUES ('N13', '102', 0);
INSERT INTO seat(seat_code, timetable_code, isbooked) VALUES ('N14', '102', 0);

INSERT INTO seat(seat_code, timetable_code, isbooked) VALUES ('A1', '103', 0);
INSERT INTO seat(seat_code, timetable_code, isbooked) VALUES ('A2', '103', 0);
INSERT INTO seat(seat_code, timetable_code, isbooked) VALUES ('A3', '103', 0);
INSERT INTO seat(seat_code, timetable_code, isbooked) VALUES ('A4', '103', 0);
INSERT INTO seat(seat_code, timetable_code, isbooked) VALUES ('A5', '103', 0);
INSERT INTO seat(seat_code, timetable_code, isbooked) VALUES ('A6', '103', 0);
INSERT INTO seat(seat_code, timetable_code, isbooked) VALUES ('A7', '103', 0);
INSERT INTO seat(seat_code, timetable_code, isbooked) VALUES ('A8', '103', 0);
INSERT INTO seat(seat_code, timetable_code, isbooked) VALUES ('A9', '103', 0);
INSERT INTO seat(seat_code, timetable_code, isbooked) VALUES ('A10', '103', 0);
INSERT INTO seat(seat_code, timetable_code, isbooked) VALUES ('A11', '103', 0);
INSERT INTO seat(seat_code, timetable_code, isbooked) VALUES ('A12', '103', 0);
INSERT INTO seat(seat_code, timetable_code, isbooked) VALUES ('A13', '103', 0);
INSERT INTO seat(seat_code, timetable_code, isbooked) VALUES ('A14', '103', 0);
INSERT INTO seat(seat_code, timetable_code, isbooked) VALUES ('B1', '103', 0);
INSERT INTO seat(seat_code, timetable_code, isbooked) VALUES ('B2', '103', 0);
INSERT INTO seat(seat_code, timetable_code, isbooked) VALUES ('B3', '103', 0);
INSERT INTO seat(seat_code, timetable_code, isbooked) VALUES ('B4', '103', 0);
INSERT INTO seat(seat_code, timetable_code, isbooked) VALUES ('B5', '103', 0);
INSERT INTO seat(seat_code, timetable_code, isbooked) VALUES ('B6', '103', 0);
INSERT INTO seat(seat_code, timetable_code, isbooked) VALUES ('B7', '103', 0);
INSERT INTO seat(seat_code, timetable_code, isbooked) VALUES ('B8', '103', 0);
INSERT INTO seat(seat_code, timetable_code, isbooked) VALUES ('B9', '103', 0);
INSERT INTO seat(seat_code, timetable_code, isbooked) VALUES ('B10', '103', 0);
INSERT INTO seat(seat_code, timetable_code, isbooked) VALUES ('B11', '103', 0);
INSERT INTO seat(seat_code, timetable_code, isbooked) VALUES ('B12', '103', 0);
INSERT INTO seat(seat_code, timetable_code, isbooked) VALUES ('B13', '103', 0);
INSERT INTO seat(seat_code, timetable_code, isbooked) VALUES ('B14', '103', 0);
INSERT INTO seat(seat_code, timetable_code, isbooked) VALUES ('C1', '103', 0);
INSERT INTO seat(seat_code, timetable_code, isbooked) VALUES ('C2', '103', 0);
INSERT INTO seat(seat_code, timetable_code, isbooked) VALUES ('C3', '103', 0);
INSERT INTO seat(seat_code, timetable_code, isbooked) VALUES ('C4', '103', 0);
INSERT INTO seat(seat_code, timetable_code, isbooked) VALUES ('C5', '103', 0);
INSERT INTO seat(seat_code, timetable_code, isbooked) VALUES ('C6', '103', 0);
INSERT INTO seat(seat_code, timetable_code, isbooked) VALUES ('C7', '103', 0);
INSERT INTO seat(seat_code, timetable_code, isbooked) VALUES ('C8', '103', 0);
INSERT INTO seat(seat_code, timetable_code, isbooked) VALUES ('C9', '103', 0);
INSERT INTO seat(seat_code, timetable_code, isbooked) VALUES ('C10', '103', 0);
INSERT INTO seat(seat_code, timetable_code, isbooked) VALUES ('C11', '103', 0);
INSERT INTO seat(seat_code, timetable_code, isbooked) VALUES ('C12', '103', 0);
INSERT INTO seat(seat_code, timetable_code, isbooked) VALUES ('C13', '103', 0);
INSERT INTO seat(seat_code, timetable_code, isbooked) VALUES ('C14', '103', 0);
INSERT INTO seat(seat_code, timetable_code, isbooked) VALUES ('D1', '103', 0);
INSERT INTO seat(seat_code, timetable_code, isbooked) VALUES ('D2', '103', 0);
INSERT INTO seat(seat_code, timetable_code, isbooked) VALUES ('D3', '103', 0);
INSERT INTO seat(seat_code, timetable_code, isbooked) VALUES ('D4', '103', 0);
INSERT INTO seat(seat_code, timetable_code, isbooked) VALUES ('D5', '103', 0);
INSERT INTO seat(seat_code, timetable_code, isbooked) VALUES ('D6', '103', 0);
INSERT INTO seat(seat_code, timetable_code, isbooked) VALUES ('D7', '103', 0);
INSERT INTO seat(seat_code, timetable_code, isbooked) VALUES ('D8', '103', 0);
INSERT INTO seat(seat_code, timetable_code, isbooked) VALUES ('D9', '103', 0);
INSERT INTO seat(seat_code, timetable_code, isbooked) VALUES ('D10', '103', 0);
INSERT INTO seat(seat_code, timetable_code, isbooked) VALUES ('D11', '103', 0);
INSERT INTO seat(seat_code, timetable_code, isbooked) VALUES ('D12', '103', 0);
INSERT INTO seat(seat_code, timetable_code, isbooked) VALUES ('D13', '103', 0);
INSERT INTO seat(seat_code, timetable_code, isbooked) VALUES ('D14', '103', 0);
INSERT INTO seat(seat_code, timetable_code, isbooked) VALUES ('E1', '103', 0);
INSERT INTO seat(seat_code, timetable_code, isbooked) VALUES ('E2', '103', 0);
INSERT INTO seat(seat_code, timetable_code, isbooked) VALUES ('E3', '103', 0);
INSERT INTO seat(seat_code, timetable_code, isbooked) VALUES ('E4', '103', 0);
INSERT INTO seat(seat_code, timetable_code, isbooked) VALUES ('E5', '103', 0);
INSERT INTO seat(seat_code, timetable_code, isbooked) VALUES ('E6', '103', 0);
INSERT INTO seat(seat_code, timetable_code, isbooked) VALUES ('E7', '103', 0);
INSERT INTO seat(seat_code, timetable_code, isbooked) VALUES ('E8', '103', 0);
INSERT INTO seat(seat_code, timetable_code, isbooked) VALUES ('E9', '103', 0);
INSERT INTO seat(seat_code, timetable_code, isbooked) VALUES ('E10', '103', 0);
INSERT INTO seat(seat_code, timetable_code, isbooked) VALUES ('E11', '103', 0);
INSERT INTO seat(seat_code, timetable_code, isbooked) VALUES ('E12', '103', 0);
INSERT INTO seat(seat_code, timetable_code, isbooked) VALUES ('E13', '103', 0);
INSERT INTO seat(seat_code, timetable_code, isbooked) VALUES ('E14', '103', 0);
INSERT INTO seat(seat_code, timetable_code, isbooked) VALUES ('F1', '103', 0);
INSERT INTO seat(seat_code, timetable_code, isbooked) VALUES ('F2', '103', 0);
INSERT INTO seat(seat_code, timetable_code, isbooked) VALUES ('F3', '103', 0);
INSERT INTO seat(seat_code, timetable_code, isbooked) VALUES ('F4', '103', 0);
INSERT INTO seat(seat_code, timetable_code, isbooked) VALUES ('F5', '103', 0);
INSERT INTO seat(seat_code, timetable_code, isbooked) VALUES ('F6', '103', 0);
INSERT INTO seat(seat_code, timetable_code, isbooked) VALUES ('F7', '103', 0);
INSERT INTO seat(seat_code, timetable_code, isbooked) VALUES ('F8', '103', 0);
INSERT INTO seat(seat_code, timetable_code, isbooked) VALUES ('F9', '103', 0);
INSERT INTO seat(seat_code, timetable_code, isbooked) VALUES ('F10', '103', 0);
INSERT INTO seat(seat_code, timetable_code, isbooked) VALUES ('F11', '103', 0);
INSERT INTO seat(seat_code, timetable_code, isbooked) VALUES ('F12', '103', 0);
INSERT INTO seat(seat_code, timetable_code, isbooked) VALUES ('F13', '103', 0);
INSERT INTO seat(seat_code, timetable_code, isbooked) VALUES ('F14', '103', 0);
INSERT INTO seat(seat_code, timetable_code, isbooked) VALUES ('G1', '103', 0);
INSERT INTO seat(seat_code, timetable_code, isbooked) VALUES ('G2', '103', 0);
INSERT INTO seat(seat_code, timetable_code, isbooked) VALUES ('G3', '103', 0);
INSERT INTO seat(seat_code, timetable_code, isbooked) VALUES ('G4', '103', 0);
INSERT INTO seat(seat_code, timetable_code, isbooked) VALUES ('G5', '103', 0);
INSERT INTO seat(seat_code, timetable_code, isbooked) VALUES ('G6', '103', 0);
INSERT INTO seat(seat_code, timetable_code, isbooked) VALUES ('G7', '103', 0);
INSERT INTO seat(seat_code, timetable_code, isbooked) VALUES ('G8', '103', 0);
INSERT INTO seat(seat_code, timetable_code, isbooked) VALUES ('G9', '103', 0);
INSERT INTO seat(seat_code, timetable_code, isbooked) VALUES ('G10', '103', 0);
INSERT INTO seat(seat_code, timetable_code, isbooked) VALUES ('G11', '103', 0);
INSERT INTO seat(seat_code, timetable_code, isbooked) VALUES ('G12', '103', 0);
INSERT INTO seat(seat_code, timetable_code, isbooked) VALUES ('G13', '103', 0);
INSERT INTO seat(seat_code, timetable_code, isbooked) VALUES ('G14', '103', 0);
INSERT INTO seat(seat_code, timetable_code, isbooked) VALUES ('H1', '103', 0);
INSERT INTO seat(seat_code, timetable_code, isbooked) VALUES ('H2', '103', 0);
INSERT INTO seat(seat_code, timetable_code, isbooked) VALUES ('H3', '103', 0);
INSERT INTO seat(seat_code, timetable_code, isbooked) VALUES ('H4', '103', 0);
INSERT INTO seat(seat_code, timetable_code, isbooked) VALUES ('H5', '103', 0);
INSERT INTO seat(seat_code, timetable_code, isbooked) VALUES ('H6', '103', 0);
INSERT INTO seat(seat_code, timetable_code, isbooked) VALUES ('H7', '103', 0);
INSERT INTO seat(seat_code, timetable_code, isbooked) VALUES ('H8', '103', 0);
INSERT INTO seat(seat_code, timetable_code, isbooked) VALUES ('H9', '103', 0);
INSERT INTO seat(seat_code, timetable_code, isbooked) VALUES ('H10', '103', 0);
INSERT INTO seat(seat_code, timetable_code, isbooked) VALUES ('H11', '103', 0);
INSERT INTO seat(seat_code, timetable_code, isbooked) VALUES ('H12', '103', 0);
INSERT INTO seat(seat_code, timetable_code, isbooked) VALUES ('H13', '103', 0);
INSERT INTO seat(seat_code, timetable_code, isbooked) VALUES ('H14', '103', 0);
INSERT INTO seat(seat_code, timetable_code, isbooked) VALUES ('I1', '103', 0);
INSERT INTO seat(seat_code, timetable_code, isbooked) VALUES ('I2', '103', 0);
INSERT INTO seat(seat_code, timetable_code, isbooked) VALUES ('I3', '103', 0);
INSERT INTO seat(seat_code, timetable_code, isbooked) VALUES ('I4', '103', 0);
INSERT INTO seat(seat_code, timetable_code, isbooked) VALUES ('I5', '103', 0);
INSERT INTO seat(seat_code, timetable_code, isbooked) VALUES ('I6', '103', 0);
INSERT INTO seat(seat_code, timetable_code, isbooked) VALUES ('I7', '103', 0);
INSERT INTO seat(seat_code, timetable_code, isbooked) VALUES ('I8', '103', 0);
INSERT INTO seat(seat_code, timetable_code, isbooked) VALUES ('I9', '103', 0);
INSERT INTO seat(seat_code, timetable_code, isbooked) VALUES ('I10', '103', 0);
INSERT INTO seat(seat_code, timetable_code, isbooked) VALUES ('I11', '103', 0);
INSERT INTO seat(seat_code, timetable_code, isbooked) VALUES ('I12', '103', 0);
INSERT INTO seat(seat_code, timetable_code, isbooked) VALUES ('I13', '103', 0);
INSERT INTO seat(seat_code, timetable_code, isbooked) VALUES ('I14', '103', 0);
INSERT INTO seat(seat_code, timetable_code, isbooked) VALUES ('J1', '103', 0);
INSERT INTO seat(seat_code, timetable_code, isbooked) VALUES ('J2', '103', 0);
INSERT INTO seat(seat_code, timetable_code, isbooked) VALUES ('J3', '103', 0);
INSERT INTO seat(seat_code, timetable_code, isbooked) VALUES ('J4', '103', 0);
INSERT INTO seat(seat_code, timetable_code, isbooked) VALUES ('J5', '103', 0);
INSERT INTO seat(seat_code, timetable_code, isbooked) VALUES ('J6', '103', 0);
INSERT INTO seat(seat_code, timetable_code, isbooked) VALUES ('J7', '103', 0);
INSERT INTO seat(seat_code, timetable_code, isbooked) VALUES ('J8', '103', 0);
INSERT INTO seat(seat_code, timetable_code, isbooked) VALUES ('J9', '103', 0);
INSERT INTO seat(seat_code, timetable_code, isbooked) VALUES ('J10', '103', 0);
INSERT INTO seat(seat_code, timetable_code, isbooked) VALUES ('J11', '103', 0);
INSERT INTO seat(seat_code, timetable_code, isbooked) VALUES ('J12', '103', 0);
INSERT INTO seat(seat_code, timetable_code, isbooked) VALUES ('J13', '103', 0);
INSERT INTO seat(seat_code, timetable_code, isbooked) VALUES ('J14', '103', 0);
INSERT INTO seat(seat_code, timetable_code, isbooked) VALUES ('K1', '103', 0);
INSERT INTO seat(seat_code, timetable_code, isbooked) VALUES ('K2', '103', 0);
INSERT INTO seat(seat_code, timetable_code, isbooked) VALUES ('K3', '103', 0);
INSERT INTO seat(seat_code, timetable_code, isbooked) VALUES ('K4', '103', 0);
INSERT INTO seat(seat_code, timetable_code, isbooked) VALUES ('K5', '103', 0);
INSERT INTO seat(seat_code, timetable_code, isbooked) VALUES ('K6', '103', 0);
INSERT INTO seat(seat_code, timetable_code, isbooked) VALUES ('K7', '103', 0);
INSERT INTO seat(seat_code, timetable_code, isbooked) VALUES ('K8', '103', 0);
INSERT INTO seat(seat_code, timetable_code, isbooked) VALUES ('K9', '103', 0);
INSERT INTO seat(seat_code, timetable_code, isbooked) VALUES ('K10', '103', 0);
INSERT INTO seat(seat_code, timetable_code, isbooked) VALUES ('K11', '103', 0);
INSERT INTO seat(seat_code, timetable_code, isbooked) VALUES ('K12', '103', 0);
INSERT INTO seat(seat_code, timetable_code, isbooked) VALUES ('K13', '103', 0);
INSERT INTO seat(seat_code, timetable_code, isbooked) VALUES ('K14', '103', 0);
INSERT INTO seat(seat_code, timetable_code, isbooked) VALUES ('L1', '103', 0);
INSERT INTO seat(seat_code, timetable_code, isbooked) VALUES ('L2', '103', 0);
INSERT INTO seat(seat_code, timetable_code, isbooked) VALUES ('L3', '103', 0);
INSERT INTO seat(seat_code, timetable_code, isbooked) VALUES ('L4', '103', 0);
INSERT INTO seat(seat_code, timetable_code, isbooked) VALUES ('L5', '103', 0);
INSERT INTO seat(seat_code, timetable_code, isbooked) VALUES ('L6', '103', 0);
INSERT INTO seat(seat_code, timetable_code, isbooked) VALUES ('L7', '103', 0);
INSERT INTO seat(seat_code, timetable_code, isbooked) VALUES ('L8', '103', 0);
INSERT INTO seat(seat_code, timetable_code, isbooked) VALUES ('L9', '103', 0);
INSERT INTO seat(seat_code, timetable_code, isbooked) VALUES ('L10', '103', 0);
INSERT INTO seat(seat_code, timetable_code, isbooked) VALUES ('L11', '103', 0);
INSERT INTO seat(seat_code, timetable_code, isbooked) VALUES ('L12', '103', 0);
INSERT INTO seat(seat_code, timetable_code, isbooked) VALUES ('L13', '103', 0);
INSERT INTO seat(seat_code, timetable_code, isbooked) VALUES ('L14', '103', 0);
INSERT INTO seat(seat_code, timetable_code, isbooked) VALUES ('M1', '103', 0);
INSERT INTO seat(seat_code, timetable_code, isbooked) VALUES ('M2', '103', 0);
INSERT INTO seat(seat_code, timetable_code, isbooked) VALUES ('M3', '103', 0);
INSERT INTO seat(seat_code, timetable_code, isbooked) VALUES ('M4', '103', 0);
INSERT INTO seat(seat_code, timetable_code, isbooked) VALUES ('M5', '103', 0);
INSERT INTO seat(seat_code, timetable_code, isbooked) VALUES ('M6', '103', 0);
INSERT INTO seat(seat_code, timetable_code, isbooked) VALUES ('M7', '103', 0);
INSERT INTO seat(seat_code, timetable_code, isbooked) VALUES ('M8', '103', 0);
INSERT INTO seat(seat_code, timetable_code, isbooked) VALUES ('M9', '103', 0);
INSERT INTO seat(seat_code, timetable_code, isbooked) VALUES ('M10', '103', 0);
INSERT INTO seat(seat_code, timetable_code, isbooked) VALUES ('M11', '103', 0);
INSERT INTO seat(seat_code, timetable_code, isbooked) VALUES ('M12', '103', 0);
INSERT INTO seat(seat_code, timetable_code, isbooked) VALUES ('M13', '103', 0);
INSERT INTO seat(seat_code, timetable_code, isbooked) VALUES ('M14', '103', 0);
INSERT INTO seat(seat_code, timetable_code, isbooked) VALUES ('N1', '103', 0);
INSERT INTO seat(seat_code, timetable_code, isbooked) VALUES ('N2', '103', 0);
INSERT INTO seat(seat_code, timetable_code, isbooked) VALUES ('N3', '103', 0);
INSERT INTO seat(seat_code, timetable_code, isbooked) VALUES ('N4', '103', 0);
INSERT INTO seat(seat_code, timetable_code, isbooked) VALUES ('N5', '103', 0);
INSERT INTO seat(seat_code, timetable_code, isbooked) VALUES ('N6', '103', 0);
INSERT INTO seat(seat_code, timetable_code, isbooked) VALUES ('N7', '103', 0);
INSERT INTO seat(seat_code, timetable_code, isbooked) VALUES ('N8', '103', 0);
INSERT INTO seat(seat_code, timetable_code, isbooked) VALUES ('N9', '103', 0);
INSERT INTO seat(seat_code, timetable_code, isbooked) VALUES ('N10', '103', 0);
INSERT INTO seat(seat_code, timetable_code, isbooked) VALUES ('N11', '103', 0);
INSERT INTO seat(seat_code, timetable_code, isbooked) VALUES ('N12', '103', 0);
INSERT INTO seat(seat_code, timetable_code, isbooked) VALUES ('N13', '103', 0);
INSERT INTO seat(seat_code, timetable_code, isbooked) VALUES ('N14', '103', 0);

INSERT INTO seat(seat_code, timetable_code, isbooked) VALUES ('A1', '104', 0);
INSERT INTO seat(seat_code, timetable_code, isbooked) VALUES ('A2', '104', 0);
INSERT INTO seat(seat_code, timetable_code, isbooked) VALUES ('A3', '104', 0);
INSERT INTO seat(seat_code, timetable_code, isbooked) VALUES ('A4', '104', 0);
INSERT INTO seat(seat_code, timetable_code, isbooked) VALUES ('A5', '104', 0);
INSERT INTO seat(seat_code, timetable_code, isbooked) VALUES ('A6', '104', 0);
INSERT INTO seat(seat_code, timetable_code, isbooked) VALUES ('A7', '104', 0);
INSERT INTO seat(seat_code, timetable_code, isbooked) VALUES ('A8', '104', 0);
INSERT INTO seat(seat_code, timetable_code, isbooked) VALUES ('A9', '104', 0);
INSERT INTO seat(seat_code, timetable_code, isbooked) VALUES ('A10', '104', 0);
INSERT INTO seat(seat_code, timetable_code, isbooked) VALUES ('A11', '104', 0);
INSERT INTO seat(seat_code, timetable_code, isbooked) VALUES ('A12', '104', 0);
INSERT INTO seat(seat_code, timetable_code, isbooked) VALUES ('A13', '104', 0);
INSERT INTO seat(seat_code, timetable_code, isbooked) VALUES ('A14', '104', 0);
INSERT INTO seat(seat_code, timetable_code, isbooked) VALUES ('B1', '104', 0);
INSERT INTO seat(seat_code, timetable_code, isbooked) VALUES ('B2', '104', 0);
INSERT INTO seat(seat_code, timetable_code, isbooked) VALUES ('B3', '104', 0);
INSERT INTO seat(seat_code, timetable_code, isbooked) VALUES ('B4', '104', 0);
INSERT INTO seat(seat_code, timetable_code, isbooked) VALUES ('B5', '104', 0);
INSERT INTO seat(seat_code, timetable_code, isbooked) VALUES ('B6', '104', 0);
INSERT INTO seat(seat_code, timetable_code, isbooked) VALUES ('B7', '104', 0);
INSERT INTO seat(seat_code, timetable_code, isbooked) VALUES ('B8', '104', 0);
INSERT INTO seat(seat_code, timetable_code, isbooked) VALUES ('B9', '104', 0);
INSERT INTO seat(seat_code, timetable_code, isbooked) VALUES ('B10', '104', 0);
INSERT INTO seat(seat_code, timetable_code, isbooked) VALUES ('B11', '104', 0);
INSERT INTO seat(seat_code, timetable_code, isbooked) VALUES ('B12', '104', 0);
INSERT INTO seat(seat_code, timetable_code, isbooked) VALUES ('B13', '104', 0);
INSERT INTO seat(seat_code, timetable_code, isbooked) VALUES ('B14', '104', 0);
INSERT INTO seat(seat_code, timetable_code, isbooked) VALUES ('C1', '104', 0);
INSERT INTO seat(seat_code, timetable_code, isbooked) VALUES ('C2', '104', 0);
INSERT INTO seat(seat_code, timetable_code, isbooked) VALUES ('C3', '104', 0);
INSERT INTO seat(seat_code, timetable_code, isbooked) VALUES ('C4', '104', 0);
INSERT INTO seat(seat_code, timetable_code, isbooked) VALUES ('C5', '104', 0);
INSERT INTO seat(seat_code, timetable_code, isbooked) VALUES ('C6', '104', 0);
INSERT INTO seat(seat_code, timetable_code, isbooked) VALUES ('C7', '104', 0);
INSERT INTO seat(seat_code, timetable_code, isbooked) VALUES ('C8', '104', 0);
INSERT INTO seat(seat_code, timetable_code, isbooked) VALUES ('C9', '104', 0);
INSERT INTO seat(seat_code, timetable_code, isbooked) VALUES ('C10', '104', 0);
INSERT INTO seat(seat_code, timetable_code, isbooked) VALUES ('C11', '104', 0);
INSERT INTO seat(seat_code, timetable_code, isbooked) VALUES ('C12', '104', 0);
INSERT INTO seat(seat_code, timetable_code, isbooked) VALUES ('C13', '104', 0);
INSERT INTO seat(seat_code, timetable_code, isbooked) VALUES ('C14', '104', 0);
INSERT INTO seat(seat_code, timetable_code, isbooked) VALUES ('D1', '104', 0);
INSERT INTO seat(seat_code, timetable_code, isbooked) VALUES ('D2', '104', 0);
INSERT INTO seat(seat_code, timetable_code, isbooked) VALUES ('D3', '104', 0);
INSERT INTO seat(seat_code, timetable_code, isbooked) VALUES ('D4', '104', 0);
INSERT INTO seat(seat_code, timetable_code, isbooked) VALUES ('D5', '104', 0);
INSERT INTO seat(seat_code, timetable_code, isbooked) VALUES ('D6', '104', 0);
INSERT INTO seat(seat_code, timetable_code, isbooked) VALUES ('D7', '104', 0);
INSERT INTO seat(seat_code, timetable_code, isbooked) VALUES ('D8', '104', 0);
INSERT INTO seat(seat_code, timetable_code, isbooked) VALUES ('D9', '104', 0);
INSERT INTO seat(seat_code, timetable_code, isbooked) VALUES ('D10', '104', 0);
INSERT INTO seat(seat_code, timetable_code, isbooked) VALUES ('D11', '104', 0);
INSERT INTO seat(seat_code, timetable_code, isbooked) VALUES ('D12', '104', 0);
INSERT INTO seat(seat_code, timetable_code, isbooked) VALUES ('D13', '104', 0);
INSERT INTO seat(seat_code, timetable_code, isbooked) VALUES ('D14', '104', 0);
INSERT INTO seat(seat_code, timetable_code, isbooked) VALUES ('E1', '104', 0);
INSERT INTO seat(seat_code, timetable_code, isbooked) VALUES ('E2', '104', 0);
INSERT INTO seat(seat_code, timetable_code, isbooked) VALUES ('E3', '104', 0);
INSERT INTO seat(seat_code, timetable_code, isbooked) VALUES ('E4', '104', 0);
INSERT INTO seat(seat_code, timetable_code, isbooked) VALUES ('E5', '104', 0);
INSERT INTO seat(seat_code, timetable_code, isbooked) VALUES ('E6', '104', 0);
INSERT INTO seat(seat_code, timetable_code, isbooked) VALUES ('E7', '104', 0);
INSERT INTO seat(seat_code, timetable_code, isbooked) VALUES ('E8', '104', 0);
INSERT INTO seat(seat_code, timetable_code, isbooked) VALUES ('E9', '104', 0);
INSERT INTO seat(seat_code, timetable_code, isbooked) VALUES ('E10', '104', 0);
INSERT INTO seat(seat_code, timetable_code, isbooked) VALUES ('E11', '104', 0);
INSERT INTO seat(seat_code, timetable_code, isbooked) VALUES ('E12', '104', 0);
INSERT INTO seat(seat_code, timetable_code, isbooked) VALUES ('E13', '104', 0);
INSERT INTO seat(seat_code, timetable_code, isbooked) VALUES ('E14', '104', 0);
INSERT INTO seat(seat_code, timetable_code, isbooked) VALUES ('F1', '104', 0);
INSERT INTO seat(seat_code, timetable_code, isbooked) VALUES ('F2', '104', 0);
INSERT INTO seat(seat_code, timetable_code, isbooked) VALUES ('F3', '104', 0);
INSERT INTO seat(seat_code, timetable_code, isbooked) VALUES ('F4', '104', 0);
INSERT INTO seat(seat_code, timetable_code, isbooked) VALUES ('F5', '104', 0);
INSERT INTO seat(seat_code, timetable_code, isbooked) VALUES ('F6', '104', 0);
INSERT INTO seat(seat_code, timetable_code, isbooked) VALUES ('F7', '104', 0);
INSERT INTO seat(seat_code, timetable_code, isbooked) VALUES ('F8', '104', 0);
INSERT INTO seat(seat_code, timetable_code, isbooked) VALUES ('F9', '104', 0);
INSERT INTO seat(seat_code, timetable_code, isbooked) VALUES ('F10', '104', 0);
INSERT INTO seat(seat_code, timetable_code, isbooked) VALUES ('F11', '104', 0);
INSERT INTO seat(seat_code, timetable_code, isbooked) VALUES ('F12', '104', 0);
INSERT INTO seat(seat_code, timetable_code, isbooked) VALUES ('F13', '104', 0);
INSERT INTO seat(seat_code, timetable_code, isbooked) VALUES ('F14', '104', 0);
INSERT INTO seat(seat_code, timetable_code, isbooked) VALUES ('G1', '104', 0);
INSERT INTO seat(seat_code, timetable_code, isbooked) VALUES ('G2', '104', 0);
INSERT INTO seat(seat_code, timetable_code, isbooked) VALUES ('G3', '104', 0);
INSERT INTO seat(seat_code, timetable_code, isbooked) VALUES ('G4', '104', 0);
INSERT INTO seat(seat_code, timetable_code, isbooked) VALUES ('G5', '104', 0);
INSERT INTO seat(seat_code, timetable_code, isbooked) VALUES ('G6', '104', 0);
INSERT INTO seat(seat_code, timetable_code, isbooked) VALUES ('G7', '104', 0);
INSERT INTO seat(seat_code, timetable_code, isbooked) VALUES ('G8', '104', 0);
INSERT INTO seat(seat_code, timetable_code, isbooked) VALUES ('G9', '104', 0);
INSERT INTO seat(seat_code, timetable_code, isbooked) VALUES ('G10', '104', 0);
INSERT INTO seat(seat_code, timetable_code, isbooked) VALUES ('G11', '104', 0);
INSERT INTO seat(seat_code, timetable_code, isbooked) VALUES ('G12', '104', 0);
INSERT INTO seat(seat_code, timetable_code, isbooked) VALUES ('G13', '104', 0);
INSERT INTO seat(seat_code, timetable_code, isbooked) VALUES ('G14', '104', 0);
INSERT INTO seat(seat_code, timetable_code, isbooked) VALUES ('H1', '104', 0);
INSERT INTO seat(seat_code, timetable_code, isbooked) VALUES ('H2', '104', 0);
INSERT INTO seat(seat_code, timetable_code, isbooked) VALUES ('H3', '104', 0);
INSERT INTO seat(seat_code, timetable_code, isbooked) VALUES ('H4', '104', 0);
INSERT INTO seat(seat_code, timetable_code, isbooked) VALUES ('H5', '104', 0);
INSERT INTO seat(seat_code, timetable_code, isbooked) VALUES ('H6', '104', 0);
INSERT INTO seat(seat_code, timetable_code, isbooked) VALUES ('H7', '104', 0);
INSERT INTO seat(seat_code, timetable_code, isbooked) VALUES ('H8', '104', 0);
INSERT INTO seat(seat_code, timetable_code, isbooked) VALUES ('H9', '104', 0);
INSERT INTO seat(seat_code, timetable_code, isbooked) VALUES ('H10', '104', 0);
INSERT INTO seat(seat_code, timetable_code, isbooked) VALUES ('H11', '104', 0);
INSERT INTO seat(seat_code, timetable_code, isbooked) VALUES ('H12', '104', 0);
INSERT INTO seat(seat_code, timetable_code, isbooked) VALUES ('H13', '104', 0);
INSERT INTO seat(seat_code, timetable_code, isbooked) VALUES ('H14', '104', 0);
INSERT INTO seat(seat_code, timetable_code, isbooked) VALUES ('I1', '104', 0);
INSERT INTO seat(seat_code, timetable_code, isbooked) VALUES ('I2', '104', 0);
INSERT INTO seat(seat_code, timetable_code, isbooked) VALUES ('I3', '104', 0);
INSERT INTO seat(seat_code, timetable_code, isbooked) VALUES ('I4', '104', 0);
INSERT INTO seat(seat_code, timetable_code, isbooked) VALUES ('I5', '104', 0);
INSERT INTO seat(seat_code, timetable_code, isbooked) VALUES ('I6', '104', 0);
INSERT INTO seat(seat_code, timetable_code, isbooked) VALUES ('I7', '104', 0);
INSERT INTO seat(seat_code, timetable_code, isbooked) VALUES ('I8', '104', 0);
INSERT INTO seat(seat_code, timetable_code, isbooked) VALUES ('I9', '104', 0);
INSERT INTO seat(seat_code, timetable_code, isbooked) VALUES ('I10', '104', 0);
INSERT INTO seat(seat_code, timetable_code, isbooked) VALUES ('I11', '104', 0);
INSERT INTO seat(seat_code, timetable_code, isbooked) VALUES ('I12', '104', 0);
INSERT INTO seat(seat_code, timetable_code, isbooked) VALUES ('I13', '104', 0);
INSERT INTO seat(seat_code, timetable_code, isbooked) VALUES ('I14', '104', 0);
INSERT INTO seat(seat_code, timetable_code, isbooked) VALUES ('J1', '104', 0);
INSERT INTO seat(seat_code, timetable_code, isbooked) VALUES ('J2', '104', 0);
INSERT INTO seat(seat_code, timetable_code, isbooked) VALUES ('J3', '104', 0);
INSERT INTO seat(seat_code, timetable_code, isbooked) VALUES ('J4', '104', 0);
INSERT INTO seat(seat_code, timetable_code, isbooked) VALUES ('J5', '104', 0);
INSERT INTO seat(seat_code, timetable_code, isbooked) VALUES ('J6', '104', 0);
INSERT INTO seat(seat_code, timetable_code, isbooked) VALUES ('J7', '104', 0);
INSERT INTO seat(seat_code, timetable_code, isbooked) VALUES ('J8', '104', 0);
INSERT INTO seat(seat_code, timetable_code, isbooked) VALUES ('J9', '104', 0);
INSERT INTO seat(seat_code, timetable_code, isbooked) VALUES ('J10', '104', 0);
INSERT INTO seat(seat_code, timetable_code, isbooked) VALUES ('J11', '104', 0);
INSERT INTO seat(seat_code, timetable_code, isbooked) VALUES ('J12', '104', 0);
INSERT INTO seat(seat_code, timetable_code, isbooked) VALUES ('J13', '104', 0);
INSERT INTO seat(seat_code, timetable_code, isbooked) VALUES ('J14', '104', 0);
INSERT INTO seat(seat_code, timetable_code, isbooked) VALUES ('K1', '104', 0);
INSERT INTO seat(seat_code, timetable_code, isbooked) VALUES ('K2', '104', 0);
INSERT INTO seat(seat_code, timetable_code, isbooked) VALUES ('K3', '104', 0);
INSERT INTO seat(seat_code, timetable_code, isbooked) VALUES ('K4', '104', 0);
INSERT INTO seat(seat_code, timetable_code, isbooked) VALUES ('K5', '104', 0);
INSERT INTO seat(seat_code, timetable_code, isbooked) VALUES ('K6', '104', 0);
INSERT INTO seat(seat_code, timetable_code, isbooked) VALUES ('K7', '104', 0);
INSERT INTO seat(seat_code, timetable_code, isbooked) VALUES ('K8', '104', 0);
INSERT INTO seat(seat_code, timetable_code, isbooked) VALUES ('K9', '104', 0);
INSERT INTO seat(seat_code, timetable_code, isbooked) VALUES ('K10', '104', 0);
INSERT INTO seat(seat_code, timetable_code, isbooked) VALUES ('K11', '104', 0);
INSERT INTO seat(seat_code, timetable_code, isbooked) VALUES ('K12', '104', 0);
INSERT INTO seat(seat_code, timetable_code, isbooked) VALUES ('K13', '104', 0);
INSERT INTO seat(seat_code, timetable_code, isbooked) VALUES ('K14', '104', 0);
INSERT INTO seat(seat_code, timetable_code, isbooked) VALUES ('L1', '104', 0);
INSERT INTO seat(seat_code, timetable_code, isbooked) VALUES ('L2', '104', 0);
INSERT INTO seat(seat_code, timetable_code, isbooked) VALUES ('L3', '104', 0);
INSERT INTO seat(seat_code, timetable_code, isbooked) VALUES ('L4', '104', 0);
INSERT INTO seat(seat_code, timetable_code, isbooked) VALUES ('L5', '104', 0);
INSERT INTO seat(seat_code, timetable_code, isbooked) VALUES ('L6', '104', 0);
INSERT INTO seat(seat_code, timetable_code, isbooked) VALUES ('L7', '104', 0);
INSERT INTO seat(seat_code, timetable_code, isbooked) VALUES ('L8', '104', 0);
INSERT INTO seat(seat_code, timetable_code, isbooked) VALUES ('L9', '104', 0);
INSERT INTO seat(seat_code, timetable_code, isbooked) VALUES ('L10', '104', 0);
INSERT INTO seat(seat_code, timetable_code, isbooked) VALUES ('L11', '104', 0);
INSERT INTO seat(seat_code, timetable_code, isbooked) VALUES ('L12', '104', 0);
INSERT INTO seat(seat_code, timetable_code, isbooked) VALUES ('L13', '104', 0);
INSERT INTO seat(seat_code, timetable_code, isbooked) VALUES ('L14', '104', 0);
INSERT INTO seat(seat_code, timetable_code, isbooked) VALUES ('M1', '104', 0);
INSERT INTO seat(seat_code, timetable_code, isbooked) VALUES ('M2', '104', 0);
INSERT INTO seat(seat_code, timetable_code, isbooked) VALUES ('M3', '104', 0);
INSERT INTO seat(seat_code, timetable_code, isbooked) VALUES ('M4', '104', 0);
INSERT INTO seat(seat_code, timetable_code, isbooked) VALUES ('M5', '104', 0);
INSERT INTO seat(seat_code, timetable_code, isbooked) VALUES ('M6', '104', 0);
INSERT INTO seat(seat_code, timetable_code, isbooked) VALUES ('M7', '104', 0);
INSERT INTO seat(seat_code, timetable_code, isbooked) VALUES ('M8', '104', 0);
INSERT INTO seat(seat_code, timetable_code, isbooked) VALUES ('M9', '104', 0);
INSERT INTO seat(seat_code, timetable_code, isbooked) VALUES ('M10', '104', 0);
INSERT INTO seat(seat_code, timetable_code, isbooked) VALUES ('M11', '104', 0);
INSERT INTO seat(seat_code, timetable_code, isbooked) VALUES ('M12', '104', 0);
INSERT INTO seat(seat_code, timetable_code, isbooked) VALUES ('M13', '104', 0);
INSERT INTO seat(seat_code, timetable_code, isbooked) VALUES ('M14', '104', 0);
INSERT INTO seat(seat_code, timetable_code, isbooked) VALUES ('N1', '104', 0);
INSERT INTO seat(seat_code, timetable_code, isbooked) VALUES ('N2', '104', 0);
INSERT INTO seat(seat_code, timetable_code, isbooked) VALUES ('N3', '104', 0);
INSERT INTO seat(seat_code, timetable_code, isbooked) VALUES ('N4', '104', 0);
INSERT INTO seat(seat_code, timetable_code, isbooked) VALUES ('N5', '104', 0);
INSERT INTO seat(seat_code, timetable_code, isbooked) VALUES ('N6', '104', 0);
INSERT INTO seat(seat_code, timetable_code, isbooked) VALUES ('N7', '104', 0);
INSERT INTO seat(seat_code, timetable_code, isbooked) VALUES ('N8', '104', 0);
INSERT INTO seat(seat_code, timetable_code, isbooked) VALUES ('N9', '104', 0);
INSERT INTO seat(seat_code, timetable_code, isbooked) VALUES ('N10', '104', 0);
INSERT INTO seat(seat_code, timetable_code, isbooked) VALUES ('N11', '104', 0);
INSERT INTO seat(seat_code, timetable_code, isbooked) VALUES ('N12', '104', 0);
INSERT INTO seat(seat_code, timetable_code, isbooked) VALUES ('N13', '104', 0);
INSERT INTO seat(seat_code, timetable_code, isbooked) VALUES ('N14', '104', 0);


INSERT INTO seat(seat_code, timetable_code, isbooked) VALUES ('A6', '105', 0);
INSERT INTO seat(seat_code, timetable_code, isbooked) VALUES ('A7', '105', 0);
INSERT INTO seat(seat_code, timetable_code, isbooked) VALUES ('A8', '105', 0);
INSERT INTO seat(seat_code, timetable_code, isbooked) VALUES ('A9', '105', 0);
INSERT INTO seat(seat_code, timetable_code, isbooked) VALUES ('A10', '105', 0);
INSERT INTO seat(seat_code, timetable_code, isbooked) VALUES ('A11', '105', 0);
INSERT INTO seat(seat_code, timetable_code, isbooked) VALUES ('A12', '105', 0);
INSERT INTO seat(seat_code, timetable_code, isbooked) VALUES ('B6', '105', 0);
INSERT INTO seat(seat_code, timetable_code, isbooked) VALUES ('B7', '105', 0);
INSERT INTO seat(seat_code, timetable_code, isbooked) VALUES ('B8', '105', 0);
INSERT INTO seat(seat_code, timetable_code, isbooked) VALUES ('B9', '105', 0);
INSERT INTO seat(seat_code, timetable_code, isbooked) VALUES ('B10', '105', 0);
INSERT INTO seat(seat_code, timetable_code, isbooked) VALUES ('B11', '105', 0);
INSERT INTO seat(seat_code, timetable_code, isbooked) VALUES ('B12', '105', 0);
INSERT INTO seat(seat_code, timetable_code, isbooked) VALUES ('C1', '105', 0);
INSERT INTO seat(seat_code, timetable_code, isbooked) VALUES ('C2', '105', 0);
INSERT INTO seat(seat_code, timetable_code, isbooked) VALUES ('C6', '105', 0);
INSERT INTO seat(seat_code, timetable_code, isbooked) VALUES ('C7', '105', 0);
INSERT INTO seat(seat_code, timetable_code, isbooked) VALUES ('C8', '105', 0);
INSERT INTO seat(seat_code, timetable_code, isbooked) VALUES ('C9', '105', 0);
INSERT INTO seat(seat_code, timetable_code, isbooked) VALUES ('C10', '105', 0);
INSERT INTO seat(seat_code, timetable_code, isbooked) VALUES ('C11', '105', 0);
INSERT INTO seat(seat_code, timetable_code, isbooked) VALUES ('C12', '105', 0);
INSERT INTO seat(seat_code, timetable_code, isbooked) VALUES ('C13', '105', 0);
INSERT INTO seat(seat_code, timetable_code, isbooked) VALUES ('C14', '105', 0);
INSERT INTO seat(seat_code, timetable_code, isbooked) VALUES ('D1', '105', 0);
INSERT INTO seat(seat_code, timetable_code, isbooked) VALUES ('D2', '105', 0);
INSERT INTO seat(seat_code, timetable_code, isbooked) VALUES ('D6', '105', 0);
INSERT INTO seat(seat_code, timetable_code, isbooked) VALUES ('D7', '105', 0);
INSERT INTO seat(seat_code, timetable_code, isbooked) VALUES ('D8', '105', 0);
INSERT INTO seat(seat_code, timetable_code, isbooked) VALUES ('D9', '105', 0);
INSERT INTO seat(seat_code, timetable_code, isbooked) VALUES ('D10', '105', 0);
INSERT INTO seat(seat_code, timetable_code, isbooked) VALUES ('D11', '105', 0);
INSERT INTO seat(seat_code, timetable_code, isbooked) VALUES ('D12', '105', 0);
INSERT INTO seat(seat_code, timetable_code, isbooked) VALUES ('D13', '105', 0);
INSERT INTO seat(seat_code, timetable_code, isbooked) VALUES ('D14', '105', 0);
INSERT INTO seat(seat_code, timetable_code, isbooked) VALUES ('E1', '105', 0);
INSERT INTO seat(seat_code, timetable_code, isbooked) VALUES ('E2', '105', 0);
INSERT INTO seat(seat_code, timetable_code, isbooked) VALUES ('E3', '105', 0);
INSERT INTO seat(seat_code, timetable_code, isbooked) VALUES ('E4', '105', 0);
INSERT INTO seat(seat_code, timetable_code, isbooked) VALUES ('E5', '105', 0);
INSERT INTO seat(seat_code, timetable_code, isbooked) VALUES ('E6', '105', 0);
INSERT INTO seat(seat_code, timetable_code, isbooked) VALUES ('E7', '105', 0);
INSERT INTO seat(seat_code, timetable_code, isbooked) VALUES ('E8', '105', 0);
INSERT INTO seat(seat_code, timetable_code, isbooked) VALUES ('E9', '105', 0);
INSERT INTO seat(seat_code, timetable_code, isbooked) VALUES ('E10', '105', 0);
INSERT INTO seat(seat_code, timetable_code, isbooked) VALUES ('E11', '105', 0);
INSERT INTO seat(seat_code, timetable_code, isbooked) VALUES ('E12', '105', 0);
INSERT INTO seat(seat_code, timetable_code, isbooked) VALUES ('E13', '105', 0);
INSERT INTO seat(seat_code, timetable_code, isbooked) VALUES ('E14', '105', 0);
INSERT INTO seat(seat_code, timetable_code, isbooked) VALUES ('F1', '105', 0);
INSERT INTO seat(seat_code, timetable_code, isbooked) VALUES ('F2', '105', 0);
INSERT INTO seat(seat_code, timetable_code, isbooked) VALUES ('F3', '105', 0);
INSERT INTO seat(seat_code, timetable_code, isbooked) VALUES ('F4', '105', 0);
INSERT INTO seat(seat_code, timetable_code, isbooked) VALUES ('F5', '105', 0);
INSERT INTO seat(seat_code, timetable_code, isbooked) VALUES ('F6', '105', 0);
INSERT INTO seat(seat_code, timetable_code, isbooked) VALUES ('F7', '105', 0);
INSERT INTO seat(seat_code, timetable_code, isbooked) VALUES ('F8', '105', 0);
INSERT INTO seat(seat_code, timetable_code, isbooked) VALUES ('F9', '105', 0);
INSERT INTO seat(seat_code, timetable_code, isbooked) VALUES ('F10', '105', 0);
INSERT INTO seat(seat_code, timetable_code, isbooked) VALUES ('F11', '105', 0);
INSERT INTO seat(seat_code, timetable_code, isbooked) VALUES ('F12', '105', 0);
INSERT INTO seat(seat_code, timetable_code, isbooked) VALUES ('F13', '105', 0);
INSERT INTO seat(seat_code, timetable_code, isbooked) VALUES ('F14', '105', 0);
INSERT INTO seat(seat_code, timetable_code, isbooked) VALUES ('G1', '105', 0);
INSERT INTO seat(seat_code, timetable_code, isbooked) VALUES ('G2', '105', 0);
INSERT INTO seat(seat_code, timetable_code, isbooked) VALUES ('G3', '105', 0);
INSERT INTO seat(seat_code, timetable_code, isbooked) VALUES ('G4', '105', 0);
INSERT INTO seat(seat_code, timetable_code, isbooked) VALUES ('G5', '105', 0);
INSERT INTO seat(seat_code, timetable_code, isbooked) VALUES ('G6', '105', 0);
INSERT INTO seat(seat_code, timetable_code, isbooked) VALUES ('G7', '105', 0);
INSERT INTO seat(seat_code, timetable_code, isbooked) VALUES ('G8', '105', 0);
INSERT INTO seat(seat_code, timetable_code, isbooked) VALUES ('G9', '105', 0);
INSERT INTO seat(seat_code, timetable_code, isbooked) VALUES ('G10', '105', 0);
INSERT INTO seat(seat_code, timetable_code, isbooked) VALUES ('G11', '105', 0);
INSERT INTO seat(seat_code, timetable_code, isbooked) VALUES ('G12', '105', 0);
INSERT INTO seat(seat_code, timetable_code, isbooked) VALUES ('G13', '105', 0);
INSERT INTO seat(seat_code, timetable_code, isbooked) VALUES ('G14', '105', 0);
INSERT INTO seat(seat_code, timetable_code, isbooked) VALUES ('H1', '105', 0);
INSERT INTO seat(seat_code, timetable_code, isbooked) VALUES ('H2', '105', 0);
INSERT INTO seat(seat_code, timetable_code, isbooked) VALUES ('H3', '105', 0);
INSERT INTO seat(seat_code, timetable_code, isbooked) VALUES ('H4', '105', 0);
INSERT INTO seat(seat_code, timetable_code, isbooked) VALUES ('H5', '105', 0);
INSERT INTO seat(seat_code, timetable_code, isbooked) VALUES ('H6', '105', 0);
INSERT INTO seat(seat_code, timetable_code, isbooked) VALUES ('H7', '105', 0);
INSERT INTO seat(seat_code, timetable_code, isbooked) VALUES ('H8', '105', 0);
INSERT INTO seat(seat_code, timetable_code, isbooked) VALUES ('H9', '105', 0);
INSERT INTO seat(seat_code, timetable_code, isbooked) VALUES ('H10', '105', 0);
INSERT INTO seat(seat_code, timetable_code, isbooked) VALUES ('H11', '105', 0);
INSERT INTO seat(seat_code, timetable_code, isbooked) VALUES ('H12', '105', 0);
INSERT INTO seat(seat_code, timetable_code, isbooked) VALUES ('H13', '105', 0);
INSERT INTO seat(seat_code, timetable_code, isbooked) VALUES ('H14', '105', 0);
INSERT INTO seat(seat_code, timetable_code, isbooked) VALUES ('I3', '105', 0);
INSERT INTO seat(seat_code, timetable_code, isbooked) VALUES ('I4', '105', 0);
INSERT INTO seat(seat_code, timetable_code, isbooked) VALUES ('I5', '105', 0);
INSERT INTO seat(seat_code, timetable_code, isbooked) VALUES ('I6', '105', 0);
INSERT INTO seat(seat_code, timetable_code, isbooked) VALUES ('I7', '105', 0);
INSERT INTO seat(seat_code, timetable_code, isbooked) VALUES ('I8', '105', 0);
INSERT INTO seat(seat_code, timetable_code, isbooked) VALUES ('I9', '105', 0);
INSERT INTO seat(seat_code, timetable_code, isbooked) VALUES ('I10', '105', 0);
INSERT INTO seat(seat_code, timetable_code, isbooked) VALUES ('I11', '105', 0);
INSERT INTO seat(seat_code, timetable_code, isbooked) VALUES ('I12', '105', 0);
INSERT INTO seat(seat_code, timetable_code, isbooked) VALUES ('I13', '105', 0);
INSERT INTO seat(seat_code, timetable_code, isbooked) VALUES ('I14', '105', 0);
INSERT INTO seat(seat_code, timetable_code, isbooked) VALUES ('J3', '105', 0);
INSERT INTO seat(seat_code, timetable_code, isbooked) VALUES ('J4', '105', 0);
INSERT INTO seat(seat_code, timetable_code, isbooked) VALUES ('J5', '105', 0);
INSERT INTO seat(seat_code, timetable_code, isbooked) VALUES ('J6', '105', 0);
INSERT INTO seat(seat_code, timetable_code, isbooked) VALUES ('J7', '105', 0);
INSERT INTO seat(seat_code, timetable_code, isbooked) VALUES ('J8', '105', 0);
INSERT INTO seat(seat_code, timetable_code, isbooked) VALUES ('J9', '105', 0);
INSERT INTO seat(seat_code, timetable_code, isbooked) VALUES ('J10', '105', 0);
INSERT INTO seat(seat_code, timetable_code, isbooked) VALUES ('J11', '105', 0);
INSERT INTO seat(seat_code, timetable_code, isbooked) VALUES ('J12', '105', 0);
INSERT INTO seat(seat_code, timetable_code, isbooked) VALUES ('J13', '105', 0);
INSERT INTO seat(seat_code, timetable_code, isbooked) VALUES ('J14', '105', 0);
INSERT INTO seat(seat_code, timetable_code, isbooked) VALUES ('K3', '105', 0);
INSERT INTO seat(seat_code, timetable_code, isbooked) VALUES ('K4', '105', 0);
INSERT INTO seat(seat_code, timetable_code, isbooked) VALUES ('K5', '105', 0);
INSERT INTO seat(seat_code, timetable_code, isbooked) VALUES ('K6', '105', 0);
INSERT INTO seat(seat_code, timetable_code, isbooked) VALUES ('K7', '105', 0);
INSERT INTO seat(seat_code, timetable_code, isbooked) VALUES ('K8', '105', 0);
INSERT INTO seat(seat_code, timetable_code, isbooked) VALUES ('K9', '105', 0);
INSERT INTO seat(seat_code, timetable_code, isbooked) VALUES ('K10', '105', 0);
INSERT INTO seat(seat_code, timetable_code, isbooked) VALUES ('K11', '105', 0);
INSERT INTO seat(seat_code, timetable_code, isbooked) VALUES ('K12', '105', 0);
INSERT INTO seat(seat_code, timetable_code, isbooked) VALUES ('K13', '105', 0);
INSERT INTO seat(seat_code, timetable_code, isbooked) VALUES ('K14', '105', 0);
INSERT INTO seat(seat_code, timetable_code, isbooked) VALUES ('L3', '105', 0);
INSERT INTO seat(seat_code, timetable_code, isbooked) VALUES ('L4', '105', 0);
INSERT INTO seat(seat_code, timetable_code, isbooked) VALUES ('L5', '105', 0);
INSERT INTO seat(seat_code, timetable_code, isbooked) VALUES ('L6', '105', 0);
INSERT INTO seat(seat_code, timetable_code, isbooked) VALUES ('L7', '105', 0);
INSERT INTO seat(seat_code, timetable_code, isbooked) VALUES ('L8', '105', 0);
INSERT INTO seat(seat_code, timetable_code, isbooked) VALUES ('L9', '105', 0);
INSERT INTO seat(seat_code, timetable_code, isbooked) VALUES ('L10', '105', 0);
INSERT INTO seat(seat_code, timetable_code, isbooked) VALUES ('L11', '105', 0);
INSERT INTO seat(seat_code, timetable_code, isbooked) VALUES ('L12', '105', 0);
INSERT INTO seat(seat_code, timetable_code, isbooked) VALUES ('L13', '105', 0);
INSERT INTO seat(seat_code, timetable_code, isbooked) VALUES ('L14', '105', 0);
INSERT INTO seat(seat_code, timetable_code, isbooked) VALUES ('M3', '105', 0);
INSERT INTO seat(seat_code, timetable_code, isbooked) VALUES ('M4', '105', 0);
INSERT INTO seat(seat_code, timetable_code, isbooked) VALUES ('M5', '105', 0);
INSERT INTO seat(seat_code, timetable_code, isbooked) VALUES ('M6', '105', 0);
INSERT INTO seat(seat_code, timetable_code, isbooked) VALUES ('M7', '105', 0);
INSERT INTO seat(seat_code, timetable_code, isbooked) VALUES ('M8', '105', 0);
INSERT INTO seat(seat_code, timetable_code, isbooked) VALUES ('M9', '105', 0);
INSERT INTO seat(seat_code, timetable_code, isbooked) VALUES ('M10', '105', 0);
INSERT INTO seat(seat_code, timetable_code, isbooked) VALUES ('M11', '105', 0);
INSERT INTO seat(seat_code, timetable_code, isbooked) VALUES ('M12', '105', 0);
INSERT INTO seat(seat_code, timetable_code, isbooked) VALUES ('M13', '105', 0);
INSERT INTO seat(seat_code, timetable_code, isbooked) VALUES ('M14', '105', 0);
INSERT INTO seat(seat_code, timetable_code, isbooked) VALUES ('N3', '105', 0);
INSERT INTO seat(seat_code, timetable_code, isbooked) VALUES ('N4', '105', 0);
INSERT INTO seat(seat_code, timetable_code, isbooked) VALUES ('N5', '105', 0);
INSERT INTO seat(seat_code, timetable_code, isbooked) VALUES ('N6', '105', 0);
INSERT INTO seat(seat_code, timetable_code, isbooked) VALUES ('N7', '105', 0);
INSERT INTO seat(seat_code, timetable_code, isbooked) VALUES ('N8', '105', 0);
INSERT INTO seat(seat_code, timetable_code, isbooked) VALUES ('N9', '105', 0);
INSERT INTO seat(seat_code, timetable_code, isbooked) VALUES ('N10', '105', 0);
INSERT INTO seat(seat_code, timetable_code, isbooked) VALUES ('N11', '105', 0);
INSERT INTO seat(seat_code, timetable_code, isbooked) VALUES ('N12', '105', 0);
INSERT INTO seat(seat_code, timetable_code, isbooked) VALUES ('N13', '105', 0);
INSERT INTO seat(seat_code, timetable_code, isbooked) VALUES ('N14', '105', 0);

select * from seat order by timetable_code;

select sysdate from dual

select * from seat

select * from booking

select * from screen

select * from timetable

select * from admin

insert into customer(ID, password, name) values('hong', '1234', '홍길동')

select count(*) from customer 

insert into admin values('admin', 'admin', '관리자', '1');
     
select to_char(sysdate,'yyMMdd') from dual

-----------------------------------------------
CREATE TABLE ex00 (seat_code varchar2(700));
drop table ex00;
insert into ex00 values('A1 A2 A3 A4 A5 A6 A7 A8 A9 A10 A11 A12 A13 A14 B1 B2 B3 B4 B5 B6 B7 B8 B9 B10 B11 B12 B13 B14 C1 C2 C3 C4 C5 C6 C7 C8 C9 C10 C11 C12 C13 C14 D1 D2 D3 D4 D5 D6 D7 D8 D9 D10 D11 D12 D13 D14 E1 E2 E3 E4 E5 E6 E7 E8 E9 E10 E11 E12 E13 E14 F1 F2 F3 F4 F5 F6 F7 F8 F9 F10 F11 F12 F13 F14 G1 G2 G3 G4 G5 G6 G7 G8 G9 G10 G11 G12 G13 G14 H1 H2 H3 H4 H5 H6 H7 H8 H9 H10 H11 H12 H13 H14 I1 I2 I3 I4 I5 I6 I7 I8 I9 I10 I11 I12 I13 I14 J1 J2 J3 J4 J5 J6 J7 J8 J9 J10 J11 J12 J13 J14 K1 K2 K3 K4 K5 K6 K7 K8 K9 K10 K11 K12 K13 K14 L1 L2 L3 L4 L5 L6 L7 L8 L9 L10 L11 L12 L13 L14 M1 M2 M3 M4 M5 M6 M7 M8 M9 M10 M11 M12 M13 M14 N1 N2 N3 N4 N5 N6 N7 N8 N9 N10 N11 N12 N13 N14')
select * from ex00;